date,s&p500,dividend,earnings,cpi,bondInterest
1871-01,4.44,0.26,0.40,12.464,5.320
1871-02,4.50,0.26,0.40,12.845,5.323
1871-03,4.61,0.26,0.40,13.035,5.327
1871-04,4.74,0.26,0.40,12.559,5.330
1871-05,4.86,0.26,0.40,12.274,5.333
1871-06,4.82,0.26,0.40,12.083,5.337
1871-07,4.73,0.26,0.40,12.083,5.340
1871-08,4.79,0.26,0.40,11.893,5.343
1871-09,4.84,0.26,0.40,12.179,5.347
1871-10,4.59,0.26,0.40,12.369,5.350
1871-11,4.64,0.26,0.40,12.369,5.353
1871-12,4.74,0.26,0.40,12.654,5.357
1872-01,4.86,0.26,0.40,12.654,5.360
1872-02,4.88,0.27,0.41,12.654,5.378
1872-03,5.04,0.27,0.41,12.845,5.397
1872-04,5.18,0.27,0.41,13.130,5.415
1872-05,5.18,0.28,0.41,13.130,5.433
1872-06,5.13,0.28,0.42,13.035,5.452
1872-07,5.10,0.28,0.42,12.845,5.470
1872-08,5.04,0.29,0.42,12.940,5.488
1872-09,4.95,0.29,0.42,13.035,5.507
1872-10,4.97,0.29,0.43,12.749,5.525
1872-11,4.95,0.30,0.43,13.130,5.543
1872-12,5.07,0.30,0.43,12.940,5.562
1873-01,5.11,0.30,0.43,12.940,5.580
1873-02,5.15,0.31,0.44,13.225,5.571
1873-03,5.11,0.31,0.44,13.225,5.562
1873-04,5.04,0.31,0.44,13.225,5.553
1873-05,5.05,0.31,0.44,12.940,5.543
1873-06,4.98,0.32,0.45,12.559,5.534
1873-07,4.97,0.32,0.45,12.559,5.525
1873-08,4.97,0.32,0.45,12.559,5.516
1873-09,4.59,0.32,0.45,12.559,5.507
1873-10,4.19,0.33,0.46,12.274,5.498
1873-11,4.04,0.33,0.46,11.893,5.488
1873-12,4.42,0.33,0.46,12.179,5.479
1874-01,4.66,0.33,0.46,12.369,5.470
1874-02,4.80,0.33,0.46,12.369,5.437
1874-03,4.73,0.33,0.46,12.369,5.403
1874-04,4.60,0.33,0.46,12.179,5.370
1874-05,4.48,0.33,0.46,12.083,5.337
1874-06,4.46,0.33,0.46,11.798,5.303
1874-07,4.46,0.33,0.46,11.893,5.270
1874-08,4.47,0.33,0.46,11.798,5.237
1874-09,4.54,0.33,0.46,11.798,5.203
1874-10,4.53,0.33,0.46,11.608,5.170
1874-11,4.57,0.33,0.46,11.513,5.137
1874-12,4.54,0.33,0.46,11.513,5.103
1875-01,4.54,0.33,0.45,11.513,5.070
1875-02,4.53,0.33,0.44,11.513,5.030
1875-03,4.59,0.32,0.44,11.513,4.990
1875-04,4.65,0.32,0.43,11.608,4.950
1875-05,4.47,0.32,0.42,11.322,4.910
1875-06,4.38,0.32,0.41,11.132,4.870
1875-07,4.39,0.31,0.40,11.132,4.830
1875-08,4.41,0.31,0.39,11.227,4.790
1875-09,4.37,0.31,0.39,11.132,4.750
1875-10,4.30,0.31,0.38,11.132,4.710
1875-11,4.37,0.30,0.37,11.037,4.670
1875-12,4.37,0.30,0.36,10.942,4.630
1876-01,4.46,0.30,0.35,10.847,4.590
1876-02,4.52,0.30,0.35,10.847,4.578
1876-03,4.51,0.30,0.34,10.847,4.567
1876-04,4.34,0.30,0.33,10.751,4.555
1876-05,4.18,0.30,0.33,10.371,4.543
1876-06,4.15,0.30,0.32,10.085,4.532
1876-07,4.10,0.30,0.31,10.085,4.520
1876-08,3.93,0.30,0.31,10.181,4.508
1876-09,3.69,0.30,0.30,10.276,4.497
1876-10,3.67,0.30,0.29,10.466,4.485
1876-11,3.60,0.30,0.29,10.561,4.473
1876-12,3.58,0.30,0.28,10.751,4.462
1877-01,3.55,0.29,0.28,10.942,4.450
1877-02,3.34,0.28,0.28,10.656,4.441
1877-03,3.17,0.27,0.29,10.181,4.432
1877-04,2.94,0.26,0.29,10.466,4.423
1877-05,2.94,0.25,0.29,10.656,4.413
1877-06,2.73,0.25,0.29,10.085,4.404
1877-07,2.85,0.24,0.29,10.181,4.395
1877-08,3.05,0.23,0.29,9.800,4.386
1877-09,3.24,0.22,0.30,9.705,4.377
1877-10,3.31,0.21,0.30,9.705,4.368
1877-11,3.26,0.20,0.30,9.515,4.358
1877-12,3.25,0.19,0.30,9.515,4.349
1878-01,3.25,0.19,0.30,9.229,4.340
1878-02,3.18,0.19,0.30,9.134,4.330
1878-03,3.24,0.19,0.30,8.944,4.320
1878-04,3.33,0.19,0.30,8.849,4.310
1878-05,3.34,0.19,0.30,8.563,4.300
1878-06,3.41,0.19,0.31,8.373,4.290
1878-07,3.48,0.18,0.31,8.468,4.280
1878-08,3.45,0.18,0.31,8.563,4.270
1878-09,3.52,0.18,0.31,8.563,4.260
1878-10,3.48,0.18,0.31,8.468,4.250
1878-11,3.47,0.18,0.31,8.373,4.240
1878-12,3.45,0.18,0.31,8.183,4.230
1879-01,3.58,0.18,0.32,8.278,4.220
1879-02,3.71,0.18,0.32,8.373,4.203
1879-03,3.65,0.19,0.33,8.278,4.187
1879-04,3.77,0.19,0.33,8.183,4.170
1879-05,3.94,0.19,0.34,8.183,4.153
1879-06,3.96,0.19,0.35,8.087,4.137
1879-07,4.04,0.19,0.35,8.183,4.120
1879-08,4.07,0.19,0.36,8.183,4.103
1879-09,4.22,0.20,0.36,8.468,4.087
1879-10,4.68,0.20,0.37,8.944,4.070
1879-11,4.93,0.20,0.37,9.419,4.053
1879-12,4.92,0.20,0.38,9.705,4.037
1880-01,5.11,0.21,0.39,9.990,4.020
1880-02,5.20,0.21,0.40,9.990,3.993
1880-03,5.30,0.22,0.41,10.085,3.967
1880-04,5.18,0.22,0.42,9.705,3.940
1880-05,4.77,0.23,0.43,9.419,3.913
1880-06,4.79,0.23,0.44,9.229,3.887
1880-07,5.01,0.24,0.44,9.229,3.860
1880-08,5.19,0.24,0.45,9.229,3.833
1880-09,5.18,0.25,0.46,9.324,3.807
1880-10,5.33,0.25,0.47,9.324,3.780
1880-11,5.61,0.26,0.48,9.419,3.753
1880-12,5.84,0.26,0.49,9.515,3.727
1881-01,6.19,0.27,0.49,9.419,3.700
1881-02,6.17,0.27,0.48,9.515,3.693
1881-03,6.24,0.28,0.48,9.515,3.687
1881-04,6.22,0.28,0.47,9.610,3.680
1881-05,6.50,0.29,0.47,9.515,3.673
1881-06,6.58,0.29,0.47,9.515,3.667
1881-07,6.35,0.30,0.46,9.610,3.660
1881-08,6.20,0.30,0.46,9.800,3.653
1881-09,6.25,0.31,0.45,10.181,3.647
1881-10,6.15,0.31,0.45,10.276,3.640
1881-11,6.19,0.32,0.44,10.181,3.633
1881-12,6.01,0.32,0.44,10.181,3.627
1882-01,5.92,0.32,0.44,10.181,3.620
1882-02,5.79,0.32,0.44,10.276,3.621
1882-03,5.78,0.32,0.44,10.276,3.622
1882-04,5.78,0.32,0.44,10.371,3.623
1882-05,5.71,0.32,0.44,10.466,3.623
1882-06,5.68,0.32,0.44,10.561,3.624
1882-07,6.00,0.32,0.43,10.466,3.625
1882-08,6.18,0.32,0.43,10.561,3.626
1882-09,6.24,0.32,0.43,10.276,3.627
1882-10,6.07,0.32,0.43,10.181,3.628
1882-11,5.81,0.32,0.43,10.085,3.628
1882-12,5.84,0.32,0.43,9.990,3.629
1883-01,5.81,0.32,0.43,9.990,3.630
1883-02,5.68,0.32,0.43,10.085,3.629
1883-03,5.75,0.32,0.42,9.990,3.628
1883-04,5.87,0.32,0.42,9.895,3.628
1883-05,5.77,0.32,0.42,9.800,3.627
1883-06,5.82,0.33,0.42,9.515,3.626
1883-07,5.73,0.33,0.41,9.324,3.625
1883-08,5.47,0.33,0.41,9.324,3.624
1883-09,5.53,0.33,0.41,9.229,3.623
1883-10,5.38,0.33,0.41,9.229,3.623
1883-11,5.46,0.33,0.40,9.134,3.622
1883-12,5.34,0.33,0.40,9.229,3.621
1884-01,5.18,0.33,0.39,9.229,3.620
1884-02,5.32,0.33,0.39,9.229,3.612
1884-03,5.30,0.33,0.38,9.229,3.603
1884-04,5.06,0.32,0.37,9.039,3.595
1884-05,4.65,0.32,0.36,8.849,3.587
1884-06,4.46,0.32,0.36,8.849,3.578
1884-07,4.46,0.32,0.35,8.753,3.570
1884-08,4.74,0.32,0.34,8.753,3.562
1884-09,4.59,0.32,0.33,8.658,3.553
1884-10,4.44,0.31,0.33,8.563,3.545
1884-11,4.35,0.31,0.32,8.373,3.537
1884-12,4.34,0.31,0.31,8.278,3.528
1885-01,4.24,0.30,0.31,8.278,3.520
1885-02,4.37,0.30,0.30,8.373,3.508
1885-03,4.38,0.29,0.30,8.183,3.495
1885-04,4.37,0.29,0.30,8.278,3.483
1885-05,4.32,0.28,0.29,8.087,3.470
1885-06,4.30,0.28,0.29,7.897,3.458
1885-07,4.46,0.27,0.29,7.992,3.445
1885-08,4.71,0.26,0.28,7.992,3.433
1885-09,4.65,0.26,0.28,7.897,3.420
1885-10,4.92,0.25,0.28,7.897,3.408
1885-11,5.24,0.25,0.27,7.992,3.395
1885-12,5.20,0.24,0.27,8.183,3.383
1886-01,5.20,0.24,0.28,7.992,3.370
1886-02,5.30,0.24,0.28,7.992,3.383
1886-03,5.19,0.24,0.29,7.897,3.395
1886-04,5.12,0.23,0.29,7.802,3.408
1886-05,5.02,0.23,0.30,7.612,3.420
1886-06,5.25,0.23,0.30,7.517,3.433
1886-07,5.33,0.23,0.31,7.612,3.445
1886-08,5.37,0.23,0.31,7.707,3.458
1886-09,5.51,0.23,0.32,7.707,3.470
1886-10,5.65,0.22,0.32,7.707,3.483
1886-11,5.79,0.22,0.33,7.707,3.495
1886-12,5.64,0.22,0.33,7.802,3.508
1887-01,5.58,0.22,0.33,7.992,3.520
1887-02,5.54,0.23,0.34,8.087,3.533
1887-03,5.67,0.23,0.34,8.087,3.545
1887-04,5.80,0.23,0.34,8.087,3.558
1887-05,5.90,0.23,0.34,8.087,3.570
1887-06,5.73,0.24,0.35,7.992,3.583
1887-07,5.59,0.24,0.35,7.897,3.595
1887-08,5.45,0.24,0.35,7.992,3.608
1887-09,5.38,0.24,0.35,7.897,3.620
1887-10,5.20,0.25,0.36,7.992,3.633
1887-11,5.30,0.25,0.36,8.087,3.645
1887-12,5.27,0.25,0.36,8.278,3.658
1888-01,5.31,0.25,0.35,8.373,3.670
1888-02,5.28,0.25,0.34,8.278,3.652
1888-03,5.08,0.25,0.34,8.278,3.633
1888-04,5.10,0.24,0.33,8.183,3.615
1888-05,5.17,0.24,0.32,8.087,3.597
1888-06,5.01,0.24,0.31,7.992,3.578
1888-07,5.14,0.24,0.30,8.087,3.560
1888-08,5.25,0.24,0.29,8.087,3.542
1888-09,5.38,0.24,0.29,8.087,3.523
1888-10,5.35,0.23,0.28,8.183,3.505
1888-11,5.24,0.23,0.27,8.278,3.487
1888-12,5.14,0.23,0.26,8.278,3.468
1889-01,5.24,0.23,0.26,7.992,3.450
1889-02,5.30,0.23,0.27,7.897,3.448
1889-03,5.19,0.23,0.27,7.802,3.445
1889-04,5.18,0.23,0.27,7.802,3.443
1889-05,5.32,0.23,0.28,7.612,3.440
1889-06,5.41,0.23,0.28,7.612,3.438
1889-07,5.30,0.22,0.28,7.612,3.435
1889-08,5.37,0.22,0.29,7.612,3.433
1889-09,5.50,0.22,0.29,7.707,3.430
1889-10,5.40,0.22,0.29,7.707,3.428
1889-11,5.35,0.22,0.30,7.707,3.425
1889-12,5.32,0.22,0.30,7.802,3.423
1890-01,5.38,0.22,0.30,7.612,3.420
1890-02,5.32,0.22,0.30,7.612,3.437
1890-03,5.28,0.22,0.30,7.612,3.453
1890-04,5.39,0.22,0.30,7.612,3.470
1890-05,5.62,0.22,0.30,7.707,3.487
1890-06,5.58,0.22,0.30,7.707,3.503
1890-07,5.54,0.22,0.29,7.707,3.520
1890-08,5.41,0.22,0.29,7.992,3.537
1890-09,5.32,0.22,0.29,8.087,3.553
1890-10,5.08,0.22,0.29,8.087,3.570
1890-11,4.71,0.22,0.29,7.897,3.587
1890-12,4.60,0.22,0.29,7.897,3.603
1891-01,4.84,0.22,0.29,7.802,3.620
1891-02,4.90,0.22,0.30,7.897,3.618
1891-03,4.81,0.22,0.30,7.992,3.617
1891-04,4.97,0.22,0.31,8.087,3.615
1891-05,4.95,0.22,0.31,7.992,3.613
1891-06,4.85,0.22,0.32,7.802,3.612
1891-07,4.77,0.22,0.32,7.707,3.610
1891-08,4.93,0.22,0.32,7.707,3.608
1891-09,5.33,0.22,0.33,7.612,3.607
1891-10,5.33,0.22,0.33,7.612,3.605
1891-11,5.25,0.22,0.34,7.517,3.603
1891-12,5.41,0.22,0.34,7.517,3.602
1892-01,5.51,0.22,0.34,7.326,3.600
1892-02,5.52,0.22,0.35,7.326,3.613
1892-03,5.58,0.23,0.35,7.136,3.625
1892-04,5.57,0.23,0.35,7.041,3.638
1892-05,5.57,0.23,0.35,7.041,3.650
1892-06,5.54,0.23,0.36,7.041,3.663
1892-07,5.54,0.23,0.36,7.231,3.675
1892-08,5.62,0.23,0.36,7.326,3.688
1892-09,5.48,0.24,0.36,7.326,3.700
1892-10,5.59,0.24,0.37,7.326,3.713
1892-11,5.57,0.24,0.37,7.517,3.725
1892-12,5.51,0.24,0.37,7.612,3.738
1893-01,5.61,0.24,0.36,7.897,3.750
1893-02,5.51,0.24,0.35,7.992,3.746
1893-03,5.31,0.24,0.34,7.802,3.742
1893-04,5.31,0.24,0.33,7.707,3.738
1893-05,4.84,0.24,0.32,7.612,3.733
1893-06,4.61,0.25,0.32,7.421,3.729
1893-07,4.18,0.25,0.31,7.231,3.725
1893-08,4.08,0.25,0.30,6.946,3.721
1893-09,4.37,0.25,0.29,7.231,3.717
1893-10,4.50,0.25,0.28,7.326,3.713
1893-11,4.57,0.25,0.27,7.136,3.708
1893-12,4.41,0.25,0.26,7.041,3.704
1894-01,4.32,0.25,0.25,6.850,3.700
1894-02,4.38,0.24,0.24,6.755,3.680
1894-03,4.51,0.24,0.24,6.565,3.660
1894-04,4.57,0.24,0.23,6.565,3.640
1894-05,4.40,0.23,0.22,6.565,3.620
1894-06,4.34,0.23,0.21,6.565,3.600
1894-07,4.25,0.23,0.20,6.565,3.580
1894-08,4.41,0.22,0.19,6.755,3.560
1894-09,4.48,0.22,0.19,6.850,3.540
1894-10,4.34,0.22,0.18,6.660,3.520
1894-11,4.34,0.21,0.17,6.660,3.500
1894-12,4.30,0.21,0.16,6.565,3.480
1895-01,4.25,0.21,0.17,6.565,3.460
1895-02,4.19,0.21,0.18,6.565,3.472
1895-03,4.19,0.21,0.18,6.565,3.483
1895-04,4.37,0.20,0.19,6.850,3.495
1895-05,4.61,0.20,0.20,6.946,3.507
1895-06,4.70,0.20,0.21,7.041,3.518
1895-07,4.72,0.20,0.21,6.946,3.530
1895-08,4.79,0.20,0.22,6.850,3.542
1895-09,4.82,0.20,0.23,6.850,3.553
1895-10,4.75,0.19,0.24,6.850,3.565
1895-11,4.59,0.19,0.24,6.850,3.577
1895-12,4.32,0.19,0.25,6.755,3.588
1896-01,4.27,0.19,0.25,6.660,3.600
1896-02,4.45,0.19,0.24,6.565,3.583
1896-03,4.38,0.19,0.24,6.565,3.567
1896-04,4.42,0.19,0.24,6.470,3.550
1896-05,4.40,0.19,0.23,6.375,3.533
1896-06,4.32,0.19,0.23,6.280,3.517
1896-07,4.04,0.18,0.23,6.280,3.500
1896-08,3.81,0.18,0.22,6.280,3.483
1896-09,4.01,0.18,0.22,6.280,3.467
1896-10,4.10,0.18,0.22,6.470,3.450
1896-11,4.38,0.18,0.21,6.660,3.433
1896-12,4.22,0.18,0.21,6.660,3.417
1897-01,4.22,0.18,0.22,6.470,3.400
1897-02,4.18,0.18,0.23,6.470,3.396
1897-03,4.19,0.18,0.24,6.470,3.392
1897-04,4.06,0.18,0.24,6.375,3.388
1897-05,4.08,0.18,0.25,6.280,3.383
1897-06,4.27,0.18,0.26,6.280,3.379
1897-07,4.46,0.18,0.27,6.280,3.375
1897-08,4.75,0.18,0.28,6.565,3.371
1897-09,4.98,0.18,0.29,6.755,3.367
1897-10,4.82,0.18,0.29,6.660,3.363
1897-11,4.65,0.18,0.30,6.660,3.358
1897-12,4.75,0.18,0.31,6.660,3.354
1898-01,4.88,0.18,0.31,6.660,3.350
1898-02,4.87,0.18,0.32,6.755,3.329
1898-03,4.65,0.19,0.32,6.755,3.308
1898-04,4.57,0.19,0.32,6.755,3.288
1898-05,4.87,0.19,0.33,7.231,3.267
1898-06,5.06,0.19,0.33,6.755,3.246
1898-07,5.08,0.19,0.33,6.660,3.225
1898-08,5.27,0.19,0.34,6.660,3.204
1898-09,5.26,0.20,0.34,6.660,3.183
1898-10,5.15,0.20,0.34,6.660,3.163
1898-11,5.32,0.20,0.35,6.660,3.142
1898-12,5.65,0.20,0.35,6.755,3.121
1899-01,6.08,0.20,0.36,6.755,3.100
1899-02,6.31,0.20,0.37,6.946,3.104
1899-03,6.40,0.20,0.38,6.946,3.108
1899-04,6.48,0.20,0.39,7.041,3.113
1899-05,6.21,0.20,0.40,7.041,3.117
1899-06,6.07,0.21,0.42,7.136,3.121
1899-07,6.28,0.21,0.43,7.231,3.125
1899-08,6.44,0.21,0.44,7.326,3.129
1899-09,6.37,0.21,0.45,7.612,3.133
1899-10,6.34,0.21,0.46,7.707,3.138
1899-11,6.46,0.21,0.47,7.802,3.142
1899-12,6.02,0.21,0.48,7.897,3.146
1900-01,6.10,0.22,0.48,7.897,3.150
1900-02,6.21,0.23,0.48,7.992,3.146
1900-03,6.26,0.23,0.48,7.992,3.142
1900-04,6.34,0.24,0.48,7.992,3.138
1900-05,6.04,0.25,0.48,7.802,3.133
1900-06,5.86,0.26,0.48,7.707,3.129
1900-07,5.86,0.26,0.48,7.802,3.125
1900-08,5.94,0.27,0.48,7.707,3.121
1900-09,5.80,0.28,0.48,7.802,3.117
1900-10,6.01,0.29,0.48,7.707,3.113
1900-11,6.48,0.29,0.48,7.707,3.108
1900-12,6.87,0.30,0.48,7.612,3.104
1901-01,7.07,0.30,0.48,7.707,3.100
1901-02,7.25,0.30,0.48,7.612,3.107
1901-03,7.51,0.31,0.49,7.612,3.113
1901-04,8.14,0.31,0.49,7.517,3.120
1901-05,7.73,0.31,0.49,7.517,3.127
1901-06,8.50,0.31,0.49,7.517,3.133
1901-07,7.93,0.31,0.49,7.612,3.140
1901-08,8.04,0.31,0.49,7.707,3.147
1901-09,8.00,0.32,0.50,7.802,3.153
1901-10,7.91,0.32,0.50,7.802,3.160
1901-11,8.08,0.32,0.50,7.897,3.167
1901-12,7.95,0.32,0.50,7.992,3.173
1902-01,8.12,0.32,0.51,7.897,3.180
1902-02,8.19,0.32,0.52,7.897,3.190
1902-03,8.20,0.32,0.53,7.897,3.200
1902-04,8.48,0.32,0.54,7.992,3.210
1902-05,8.46,0.32,0.55,8.087,3.220
1902-06,8.41,0.33,0.57,8.183,3.230
1902-07,8.60,0.33,0.58,8.183,3.240
1902-08,8.83,0.33,0.59,8.087,3.250
1902-09,8.85,0.33,0.60,8.183,3.260
1902-10,8.57,0.33,0.61,8.753,3.270
1902-11,8.24,0.33,0.62,8.468,3.280
1902-12,8.05,0.33,0.63,8.563,3.290
1903-01,8.46,0.33,0.62,8.658,3.300
1903-02,8.41,0.33,0.61,8.658,3.308
1903-03,8.08,0.34,0.61,8.373,3.317
1903-04,7.75,0.34,0.60,8.373,3.325
1903-05,7.60,0.34,0.59,8.183,3.333
1903-06,7.18,0.34,0.58,8.183,3.342
1903-07,6.85,0.34,0.57,8.183,3.350
1903-08,6.63,0.34,0.56,8.183,3.358
1903-09,6.47,0.35,0.56,8.278,3.367
1903-10,6.26,0.35,0.55,8.183,3.375
1903-11,6.28,0.35,0.54,8.087,3.383
1903-12,6.57,0.35,0.53,8.087,3.392
1904-01,6.68,0.35,0.53,8.278,3.400
1904-02,6.50,0.34,0.52,8.468,3.407
1904-03,6.48,0.34,0.52,8.373,3.413
1904-04,6.64,0.34,0.52,8.278,3.420
1904-05,6.50,0.33,0.51,8.087,3.427
1904-06,6.51,0.33,0.51,8.087,3.433
1904-07,6.78,0.33,0.51,8.087,3.440
1904-08,7.01,0.32,0.50,8.183,3.447
1904-09,7.32,0.32,0.50,8.278,3.453
1904-10,7.75,0.32,0.50,8.278,3.460
1904-11,8.17,0.31,0.49,8.468,3.467
1904-12,8.25,0.31,0.49,8.468,3.473
1905-01,8.43,0.31,0.51,8.468,3.480
1905-02,8.80,0.31,0.52,8.468,3.476
1905-03,9.05,0.32,0.54,8.373,3.472
1905-04,8.94,0.32,0.55,8.373,3.468
1905-05,8.50,0.32,0.57,8.278,3.463
1905-06,8.60,0.32,0.58,8.278,3.459
1905-07,8.87,0.32,0.60,8.278,3.455
1905-08,9.20,0.32,0.61,8.373,3.451
1905-09,9.23,0.33,0.63,8.278,3.447
1905-10,9.36,0.33,0.64,8.278,3.443
1905-11,9.31,0.33,0.66,8.373,3.438
1905-12,9.54,0.33,0.67,8.468,3.434
1906-01,9.87,0.34,0.68,8.468,3.430
1906-02,9.80,0.34,0.69,8.468,3.450
1906-03,9.56,0.35,0.69,8.468,3.470
1906-04,9.43,0.35,0.70,8.468,3.490
1906-05,9.18,0.36,0.71,8.563,3.510
1906-06,9.30,0.37,0.72,8.563,3.530
1906-07,9.06,0.37,0.72,8.278,3.550
1906-08,9.73,0.38,0.73,8.468,3.570
1906-09,10.03,0.38,0.74,8.563,3.590
1906-10,9.73,0.39,0.75,8.753,3.610
1906-11,9.93,0.39,0.75,8.849,3.630
1906-12,9.84,0.40,0.76,8.944,3.650
1907-01,9.56,0.40,0.75,8.849,3.670
1907-02,9.26,0.41,0.74,9.039,3.687
1907-03,8.35,0.41,0.74,8.944,3.703
1907-04,8.39,0.41,0.73,8.944,3.720
1907-05,8.10,0.42,0.72,9.134,3.737
1907-06,7.84,0.42,0.71,9.229,3.753
1907-07,8.14,0.42,0.70,9.229,3.770
1907-08,7.53,0.43,0.69,9.229,3.787
1907-09,7.45,0.43,0.69,9.229,3.803
1907-10,6.64,0.43,0.68,9.324,3.820
1907-11,6.25,0.44,0.67,8.944,3.837
1907-12,6.57,0.44,0.66,8.753,3.853
1908-01,6.85,0.44,0.65,8.658,3.870
1908-02,6.60,0.43,0.65,8.563,3.861
1908-03,6.87,0.43,0.64,8.563,3.852
1908-04,7.24,0.43,0.63,8.658,3.843
1908-05,7.63,0.42,0.63,8.658,3.833
1908-06,7.64,0.42,0.62,8.658,3.824
1908-07,7.92,0.42,0.61,8.753,3.815
1908-08,8.26,0.41,0.61,8.753,3.806
1908-09,8.17,0.41,0.60,8.753,3.797
1908-10,8.27,0.41,0.59,8.849,3.788
1908-11,8.83,0.40,0.59,8.944,3.778
1908-12,9.03,0.40,0.58,9.039,3.769
1909-01,9.06,0.40,0.60,8.944,3.760
1909-02,8.80,0.41,0.61,9.039,3.773
1909-03,8.92,0.41,0.63,9.039,3.785
1909-04,9.32,0.41,0.64,9.229,3.798
1909-05,9.63,0.42,0.66,9.324,3.810
1909-06,9.80,0.42,0.67,9.419,3.823
1909-07,9.94,0.42,0.69,9.419,3.835
1909-08,10.18,0.43,0.70,9.515,3.848
1909-09,10.19,0.43,0.72,9.610,3.860
1909-10,10.23,0.43,0.73,9.800,3.873
1909-11,10.18,0.44,0.75,9.895,3.885
1909-12,10.30,0.44,0.76,9.990,3.898
1910-01,10.08,0.44,0.76,9.895,3.910
1910-02,9.72,0.45,0.76,9.895,3.916
1910-03,9.96,0.45,0.75,10.085,3.922
1910-04,9.72,0.45,0.75,10.181,3.928
1910-05,9.56,0.45,0.75,9.990,3.933
1910-06,9.10,0.46,0.75,9.895,3.939
1910-07,8.64,0.46,0.74,9.895,3.945
1910-08,8.85,0.46,0.74,9.800,3.951
1910-09,8.91,0.46,0.74,9.705,3.957
1910-10,9.32,0.47,0.74,9.419,3.963
1910-11,9.31,0.47,0.73,9.229,3.968
1910-12,9.05,0.47,0.73,9.229,3.974
1911-01,9.27,0.47,0.72,9.229,3.980
1911-02,9.43,0.47,0.71,8.944,3.983
1911-03,9.32,0.47,0.70,9.039,3.985
1911-04,9.28,0.47,0.68,8.753,3.988
1911-05,9.48,0.47,0.67,8.753,3.990
1911-06,9.67,0.47,0.66,8.753,3.993
1911-07,9.63,0.47,0.65,8.849,3.995
1911-08,9.17,0.47,0.64,9.134,3.998
1911-09,8.67,0.47,0.63,9.229,4.000
1911-10,8.72,0.47,0.61,9.229,4.003
1911-11,9.07,0.47,0.60,9.134,4.005
1911-12,9.11,0.47,0.59,9.039,4.008
1912-01,9.12,0.47,0.60,9.134,4.010
1912-02,9.04,0.47,0.61,9.229,4.047
1912-03,9.30,0.47,0.62,9.419,4.083
1912-04,9.59,0.47,0.63,9.705,4.120
1912-05,9.58,0.47,0.64,9.705,4.157
1912-06,9.58,0.48,0.65,9.610,4.193
1912-07,9.59,0.48,0.65,9.610,4.230
1912-08,9.81,0.48,0.66,9.705,4.267
1912-09,9.86,0.48,0.67,9.800,4.303
1912-10,9.84,0.48,0.68,9.800,4.340
1912-11,9.73,0.48,0.69,9.800,4.377
1912-12,9.38,0.48,0.70,9.705,4.413
1913-01,9.30,0.48,0.69,9.800,4.450
1913-02,8.97,0.48,0.69,9.800,4.426
1913-03,8.80,0.48,0.68,9.800,4.402
1913-04,8.79,0.48,0.68,9.800,4.378
1913-05,8.55,0.48,0.67,9.700,4.353
1913-06,8.12,0.48,0.67,9.800,4.329
1913-07,8.23,0.48,0.66,9.900,4.305
1913-08,8.45,0.48,0.65,9.900,4.281
1913-09,8.53,0.48,0.65,10.000,4.257
1913-10,8.26,0.48,0.64,10.000,4.233
1913-11,8.05,0.48,0.64,10.100,4.208
1913-12,8.04,0.48,0.63,10.000,4.184
1914-01,8.37,0.48,0.62,10.000,4.160
1914-02,8.48,0.47,0.61,9.900,4.167
1914-03,8.32,0.47,0.60,9.900,4.173
1914-04,8.12,0.46,0.59,9.800,4.180
1914-05,8.17,0.46,0.58,9.900,4.187
1914-06,8.13,0.45,0.58,9.900,4.193
1914-07,7.68,0.45,0.57,10.000,4.200
1914-08,7.68,0.44,0.56,10.200,4.207
1914-09,7.68,0.44,0.55,10.200,4.213
1914-10,7.68,0.43,0.54,10.100,4.220
1914-11,7.68,0.43,0.53,10.200,4.227
1914-12,7.35,0.42,0.52,10.100,4.233
1915-01,7.48,0.42,0.55,10.100,4.240
1915-02,7.38,0.42,0.58,10.000,4.224
1915-03,7.57,0.42,0.61,9.900,4.208
1915-04,8.14,0.42,0.64,10.000,4.193
1915-05,7.95,0.42,0.67,10.100,4.177
1915-06,8.04,0.43,0.70,10.100,4.161
1915-07,8.01,0.43,0.73,10.100,4.145
1915-08,8.35,0.43,0.76,10.100,4.129
1915-09,8.66,0.43,0.79,10.100,4.113
1915-10,9.14,0.43,0.82,10.200,4.098
1915-11,9.46,0.43,0.85,10.300,4.082
1915-12,9.48,0.43,0.88,10.300,4.066
1916-01,9.33,0.44,0.93,10.400,4.050
1916-02,9.20,0.45,0.99,10.400,4.065
1916-03,9.17,0.46,1.04,10.500,4.080
1916-04,9.07,0.47,1.10,10.600,4.095
1916-05,9.27,0.48,1.15,10.700,4.110
1916-06,9.36,0.50,1.21,10.800,4.125
1916-07,9.23,0.51,1.26,10.800,4.140
1916-08,9.30,0.52,1.31,10.900,4.155
1916-09,9.68,0.53,1.37,11.100,4.170
1916-10,9.98,0.54,1.42,11.300,4.185
1916-11,10.21,0.55,1.48,11.500,4.200
1916-12,9.80,0.56,1.53,11.600,4.215
1917-01,9.57,0.57,1.51,11.700,4.230
1917-02,9.03,0.58,1.49,12.000,4.258
1917-03,9.31,0.59,1.47,12.000,4.287
1917-04,9.17,0.60,1.45,12.600,4.315
1917-05,8.86,0.61,1.43,12.800,4.343
1917-06,9.04,0.63,1.41,13.000,4.372
1917-07,8.79,0.64,1.38,12.800,4.400
1917-08,8.53,0.65,1.36,13.000,4.428
1917-09,8.12,0.66,1.34,13.300,4.457
1917-10,7.68,0.67,1.32,13.500,4.485
1917-11,7.04,0.68,1.30,13.500,4.513
1917-12,6.80,0.69,1.28,13.700,4.542
1918-01,7.21,0.68,1.26,14.000,4.570
1918-02,7.43,0.67,1.23,14.100,4.564
1918-03,7.28,0.66,1.21,14.000,4.558
1918-04,7.21,0.65,1.18,14.200,4.553
1918-05,7.44,0.64,1.16,14.500,4.547
1918-06,7.45,0.63,1.14,14.700,4.541
1918-07,7.51,0.62,1.11,15.100,4.535
1918-08,7.58,0.61,1.09,15.400,4.529
1918-09,7.54,0.60,1.06,15.700,4.523
1918-10,7.86,0.59,1.04,16.000,4.518
1918-11,8.06,0.58,1.01,16.300,4.512
1918-12,7.90,0.57,0.99,16.500,4.506
1919-01,7.85,0.57,0.99,16.500,4.500
1919-02,7.88,0.56,0.98,16.200,4.539
1919-03,8.12,0.56,0.98,16.400,4.578
1919-04,8.39,0.56,0.97,16.700,4.618
1919-05,8.97,0.55,0.97,16.900,4.657
1919-06,9.21,0.55,0.96,16.900,4.696
1919-07,9.51,0.55,0.96,17.400,4.735
1919-08,8.87,0.54,0.95,17.700,4.774
1919-09,9.01,0.54,0.95,17.800,4.813
1919-10,9.47,0.54,0.94,18.100,4.853
1919-11,9.19,0.53,0.94,18.500,4.892
1919-12,8.92,0.53,0.93,18.900,4.931
1920-01,8.83,0.53,0.92,19.300,4.970
1920-02,8.10,0.53,0.91,19.500,4.980
1920-03,8.67,0.53,0.90,19.700,4.990
1920-04,8.60,0.52,0.89,20.300,5.000
1920-05,8.06,0.52,0.88,20.600,5.010
1920-06,7.92,0.52,0.87,20.900,5.020
1920-07,7.91,0.52,0.85,20.800,5.030
1920-08,7.60,0.52,0.84,20.300,5.040
1920-09,7.87,0.52,0.83,20.000,5.050
1920-10,7.88,0.51,0.82,19.900,5.060
1920-11,7.48,0.51,0.81,19.800,5.070
1920-12,6.81,0.51,0.80,19.400,5.080
1921-01,7.11,0.51,0.76,19.000,5.090
1921-02,7.06,0.50,0.72,18.400,5.024
1921-03,6.88,0.50,0.67,18.300,4.958
1921-04,6.91,0.49,0.63,18.100,4.893
1921-05,7.12,0.49,0.59,17.700,4.827
1921-06,6.55,0.49,0.55,17.600,4.761
1921-07,6.53,0.48,0.50,17.700,4.695
1921-08,6.45,0.48,0.46,17.700,4.629
1921-09,6.61,0.47,0.42,17.500,4.563
1921-10,6.70,0.47,0.38,17.500,4.498
1921-11,7.06,0.46,0.33,17.400,4.432
1921-12,7.31,0.46,0.29,17.300,4.366
1922-01,7.30,0.46,0.32,16.900,4.300
1922-02,7.46,0.47,0.36,16.900,4.305
1922-03,7.74,0.47,0.39,16.700,4.310
1922-04,8.21,0.48,0.42,16.700,4.315
1922-05,8.53,0.48,0.46,16.700,4.320
1922-06,8.45,0.49,0.49,16.700,4.325
1922-07,8.51,0.49,0.52,16.800,4.330
1922-08,8.83,0.49,0.56,16.600,4.335
1922-09,9.06,0.50,0.59,16.600,4.340
1922-10,9.26,0.50,0.62,16.700,4.345
1922-11,8.80,0.51,0.66,16.800,4.350
1922-12,8.78,0.51,0.69,16.900,4.355
1923-01,8.90,0.51,0.71,16.800,4.360
1923-02,9.28,0.51,0.74,16.800,4.335
1923-03,9.43,0.52,0.76,16.800,4.310
1923-04,9.10,0.52,0.79,16.900,4.285
1923-05,8.67,0.52,0.81,16.900,4.260
1923-06,8.34,0.52,0.84,17.000,4.235
1923-07,8.06,0.52,0.86,17.200,4.210
1923-08,8.10,0.52,0.88,17.100,4.185
1923-09,8.15,0.53,0.91,17.200,4.160
1923-10,8.03,0.53,0.93,17.300,4.135
1923-11,8.27,0.53,0.96,17.300,4.110
1923-12,8.55,0.53,0.98,17.300,4.085
1924-01,8.83,0.53,0.98,17.300,4.060
1924-02,8.87,0.53,0.97,17.200,4.043
1924-03,8.70,0.54,0.97,17.100,4.027
1924-04,8.50,0.54,0.96,17.000,4.010
1924-05,8.47,0.54,0.96,17.000,3.993
1924-06,8.63,0.54,0.96,17.000,3.977
1924-07,9.03,0.54,0.95,17.100,3.960
1924-08,9.34,0.54,0.95,17.000,3.943
1924-09,9.25,0.55,0.94,17.100,3.927
1924-10,9.13,0.55,0.94,17.200,3.910
1924-11,9.64,0.55,0.93,17.200,3.893
1924-12,10.16,0.55,0.93,17.300,3.877
1925-01,10.58,0.55,0.96,17.300,3.860
1925-02,10.67,0.56,0.98,17.200,3.845
1925-03,10.39,0.56,1.01,17.300,3.830
1925-04,10.28,0.57,1.04,17.200,3.815
1925-05,10.61,0.57,1.06,17.300,3.800
1925-06,10.80,0.58,1.09,17.500,3.785
1925-07,11.10,0.58,1.12,17.700,3.770
1925-08,11.25,0.58,1.14,17.700,3.755
1925-09,11.51,0.59,1.17,17.700,3.740
1925-10,11.89,0.59,1.20,17.700,3.725
1925-11,12.26,0.60,1.22,18.000,3.710
1925-12,12.46,0.60,1.25,17.900,3.695
1926-01,12.65,0.61,1.25,17.900,3.680
1926-02,12.67,0.62,1.25,17.900,3.652
1926-03,11.81,0.62,1.25,17.800,3.623
1926-04,11.48,0.63,1.25,17.900,3.595
1926-05,11.56,0.64,1.25,17.800,3.567
1926-06,12.11,0.65,1.25,17.700,3.538
1926-07,12.62,0.65,1.24,17.500,3.510
1926-08,13.12,0.66,1.24,17.400,3.482
1926-09,13.32,0.67,1.24,17.500,3.453
1926-10,13.02,0.68,1.24,17.600,3.425
1926-11,13.19,0.68,1.24,17.700,3.397
1926-12,13.49,0.69,1.24,17.700,3.368
1927-01,13.40,0.70,1.23,17.500,3.340
1927-02,13.66,0.70,1.22,17.400,3.339
1927-03,13.87,0.71,1.21,17.300,3.338
1927-04,14.21,0.72,1.20,17.300,3.338
1927-05,14.70,0.72,1.19,17.400,3.337
1927-06,14.89,0.73,1.18,17.600,3.336
1927-07,15.22,0.74,1.16,17.300,3.335
1927-08,16.03,0.74,1.15,17.200,3.334
1927-09,16.94,0.75,1.14,17.300,3.333
1927-10,16.68,0.76,1.13,17.400,3.333
1927-11,17.06,0.76,1.12,17.300,3.332
1927-12,17.46,0.77,1.11,17.300,3.331
1928-01,17.53,0.78,1.13,17.300,3.330
1928-02,17.32,0.78,1.16,17.100,3.353
1928-03,18.25,0.79,1.18,17.100,3.375
1928-04,19.40,0.80,1.20,17.100,3.398
1928-05,20.00,0.80,1.22,17.200,3.420
1928-06,19.02,0.81,1.25,17.100,3.443
1928-07,19.16,0.82,1.27,17.100,3.465
1928-08,19.78,0.82,1.29,17.100,3.488
1928-09,21.17,0.83,1.31,17.300,3.510
1928-10,21.60,0.84,1.34,17.200,3.533
1928-11,23.06,0.84,1.36,17.200,3.555
1928-12,23.15,0.85,1.38,17.100,3.578
1929-01,24.86,0.86,1.40,17.100,3.600
1929-02,24.99,0.87,1.42,17.100,3.574
1929-03,25.43,0.88,1.44,17.000,3.548
1929-04,25.28,0.89,1.46,16.900,3.523
1929-05,25.66,0.90,1.48,17.000,3.497
1929-06,26.15,0.91,1.50,17.100,3.471
1929-07,28.48,0.92,1.51,17.300,3.445
1929-08,30.10,0.93,1.53,17.300,3.419
1929-09,31.30,0.94,1.55,17.300,3.393
1929-10,27.99,0.95,1.57,17.300,3.368
1929-11,20.58,0.96,1.59,17.300,3.342
1929-12,21.40,0.97,1.61,17.200,3.316
1930-01,21.71,0.97,1.56,17.100,3.290
1930-02,23.07,0.97,1.50,17.000,3.294
1930-03,23.94,0.97,1.45,16.900,3.298
1930-04,25.46,0.97,1.40,17.000,3.303
1930-05,23.94,0.97,1.34,16.900,3.307
1930-06,21.52,0.98,1.29,16.800,3.311
1930-07,21.06,0.98,1.24,16.600,3.315
1930-08,20.79,0.98,1.18,16.500,3.319
1930-09,20.78,0.98,1.13,16.600,3.323
1930-10,17.92,0.98,1.08,16.500,3.328
1930-11,16.62,0.98,1.02,16.400,3.332
1930-12,15.51,0.98,0.97,16.100,3.336
1931-01,15.98,0.97,0.94,15.900,3.340
1931-02,17.20,0.95,0.91,15.700,3.368
1931-03,17.53,0.94,0.88,15.600,3.397
1931-04,15.86,0.93,0.85,15.500,3.425
1931-05,14.33,0.91,0.82,15.300,3.453
1931-06,13.87,0.90,0.79,15.100,3.482
1931-07,14.33,0.89,0.76,15.100,3.510
1931-08,13.90,0.87,0.73,15.100,3.538
1931-09,11.83,0.86,0.70,15.000,3.567
1931-10,10.25,0.85,0.67,14.900,3.595
1931-11,10.39,0.83,0.64,14.700,3.623
1931-12,8.44,0.82,0.61,14.600,3.652
1932-01,8.30,0.79,0.59,14.300,3.680
1932-02,8.23,0.77,0.58,14.100,3.649
1932-03,8.26,0.74,0.56,14.000,3.618
1932-04,6.28,0.71,0.54,13.900,3.588
1932-05,5.51,0.69,0.53,13.700,3.557
1932-06,4.77,0.66,0.51,13.600,3.526
1932-07,5.01,0.63,0.49,13.600,3.495
1932-08,7.53,0.61,0.48,13.500,3.464
1932-09,8.26,0.58,0.46,13.400,3.433
1932-10,7.12,0.55,0.44,13.300,3.403
1932-11,7.05,0.53,0.43,13.200,3.372
1932-12,6.82,0.50,0.41,13.100,3.341
1933-01,7.09,0.50,0.41,12.900,3.310
1933-02,6.25,0.49,0.42,12.700,3.294
1933-03,6.23,0.49,0.42,12.600,3.278
1933-04,6.89,0.48,0.42,12.600,3.263
1933-05,8.87,0.48,0.42,12.600,3.247
1933-06,10.39,0.47,0.43,12.700,3.231
1933-07,11.23,0.47,0.43,13.100,3.215
1933-08,10.67,0.46,0.43,13.200,3.199
1933-09,10.58,0.46,0.43,13.200,3.183
1933-10,9.55,0.45,0.44,13.200,3.168
1933-11,9.78,0.45,0.44,13.200,3.152
1933-12,9.97,0.44,0.44,13.200,3.136
1934-01,10.54,0.44,0.44,13.200,3.120
1934-02,11.32,0.44,0.45,13.300,3.093
1934-03,10.74,0.44,0.45,13.300,3.065
1934-04,10.92,0.44,0.46,13.300,3.038
1934-05,9.81,0.44,0.46,13.300,3.010
1934-06,9.94,0.45,0.47,13.400,2.983
1934-07,9.47,0.45,0.47,13.400,2.955
1934-08,9.10,0.45,0.47,13.400,2.928
1934-09,8.88,0.45,0.48,13.600,2.900
1934-10,8.95,0.45,0.48,13.500,2.873
1934-11,9.20,0.45,0.49,13.500,2.845
1934-12,9.26,0.45,0.49,13.400,2.818
1935-01,9.26,0.45,0.57,13.600,2.790
1935-02,8.98,0.45,0.65,13.700,2.778
1935-03,8.41,0.45,0.73,13.700,2.767
1935-04,9.04,0.45,0.76,13.800,2.755
1935-05,9.75,0.44,0.78,13.800,2.743
1935-06,10.12,0.44,0.81,13.700,2.732
1935-07,10.65,0.44,0.79,13.700,2.720
1935-08,11.37,0.44,0.78,13.700,2.708
1935-09,11.61,0.44,0.76,13.700,2.697
1935-10,11.92,0.45,0.76,13.700,2.685
1935-11,13.04,0.46,0.76,13.800,2.673
1935-12,13.04,0.47,0.76,13.800,2.662
1936-01,13.76,0.48,0.77,13.800,2.650
1936-02,14.55,0.49,0.78,13.800,2.653
1936-03,14.86,0.50,0.79,13.700,2.655
1936-04,14.88,0.52,0.82,13.700,2.658
1936-05,14.09,0.53,0.85,13.700,2.660
1936-06,14.69,0.55,0.88,13.800,2.663
1936-07,15.56,0.57,0.90,13.900,2.665
1936-08,15.87,0.59,0.92,14.000,2.668
1936-09,16.05,0.61,0.94,14.000,2.670
1936-10,16.89,0.65,0.97,14.000,2.673
1936-11,17.36,0.68,0.99,14.000,2.675
1936-12,17.06,0.72,1.02,14.000,2.678
1937-01,17.59,0.73,1.05,14.100,2.680
1937-02,18.11,0.74,1.08,14.100,2.670
1937-03,18.09,0.75,1.11,14.200,2.660
1937-04,17.01,0.78,1.13,14.300,2.650
1937-05,16.25,0.81,1.15,14.400,2.640
1937-06,15.64,0.84,1.17,14.400,2.630
1937-07,16.57,0.82,1.19,14.500,2.620
1937-08,16.74,0.79,1.20,14.500,2.610
1937-09,14.37,0.77,1.22,14.600,2.600
1937-10,12.28,0.78,1.19,14.600,2.590
1937-11,11.20,0.79,1.16,14.500,2.580
1937-12,11.02,0.80,1.13,14.400,2.570
1938-01,11.31,0.79,1.08,14.200,2.560
1938-02,11.04,0.79,1.02,14.100,2.543
1938-03,10.31,0.78,0.97,14.100,2.527
1938-04,9.89,0.77,0.90,14.200,2.510
1938-05,9.98,0.75,0.84,14.100,2.493
1938-06,10.21,0.74,0.77,14.100,2.477
1938-07,12.24,0.71,0.72,14.100,2.460
1938-08,12.31,0.69,0.67,14.100,2.443
1938-09,11.75,0.66,0.62,14.100,2.427
1938-10,13.06,0.61,0.63,14.000,2.410
1938-11,13.07,0.56,0.63,14.000,2.393
1938-12,12.69,0.51,0.64,14.000,2.377
1939-01,12.50,0.51,0.66,14.000,2.360
1939-02,12.40,0.52,0.69,13.900,2.348
1939-03,12.39,0.52,0.71,13.900,2.335
1939-04,10.83,0.52,0.73,13.800,2.323
1939-05,11.23,0.53,0.74,13.800,2.310
1939-06,11.43,0.53,0.76,13.800,2.298
1939-07,11.71,0.54,0.78,13.800,2.285
1939-08,11.54,0.55,0.79,13.800,2.273
1939-09,12.77,0.56,0.81,14.100,2.260
1939-10,12.90,0.58,0.84,14.000,2.248
1939-11,12.67,0.60,0.87,14.000,2.235
1939-12,12.37,0.62,0.90,14.000,2.223
1940-01,12.30,0.62,0.93,13.900,2.210
1940-02,12.22,0.63,0.96,14.000,2.188
1940-03,12.15,0.63,0.99,14.000,2.167
1940-04,12.27,0.64,1.01,14.000,2.145
1940-05,10.58,0.64,1.02,14.000,2.123
1940-06,9.67,0.65,1.04,14.100,2.102
1940-07,9.99,0.66,1.05,14.000,2.080
1940-08,10.20,0.66,1.07,14.000,2.058
1940-09,10.63,0.67,1.08,14.000,2.037
1940-10,10.73,0.67,1.07,14.000,2.015
1940-11,10.98,0.67,1.06,14.000,1.993
1940-12,10.53,0.67,1.05,14.100,1.972
1941-01,10.55,0.67,1.05,14.100,1.950
1941-02,9.89,0.68,1.06,14.100,1.993
1941-03,9.95,0.68,1.06,14.200,2.035
1941-04,9.64,0.68,1.07,14.300,2.078
1941-05,9.43,0.69,1.08,14.400,2.120
1941-06,9.76,0.69,1.09,14.700,2.163
1941-07,10.26,0.69,1.12,14.700,2.205
1941-08,10.21,0.70,1.16,14.900,2.248
1941-09,10.24,0.70,1.19,15.100,2.290
1941-10,9.83,0.70,1.18,15.300,2.333
1941-11,9.37,0.71,1.17,15.400,2.375
1941-12,8.76,0.71,1.16,15.500,2.418
1942-01,8.93,0.70,1.12,15.700,2.460
1942-02,8.65,0.70,1.08,15.800,2.461
1942-03,8.18,0.69,1.04,16.000,2.462
1942-04,7.84,0.68,1.02,16.100,2.463
1942-05,7.93,0.67,1.00,16.300,2.463
1942-06,8.33,0.66,0.98,16.300,2.464
1942-07,8.64,0.65,0.97,16.400,2.465
1942-08,8.59,0.63,0.95,16.500,2.466
1942-09,8.68,0.62,0.94,16.500,2.467
1942-10,9.32,0.61,0.97,16.700,2.468
1942-11,9.47,0.60,1.00,16.800,2.468
1942-12,9.52,0.59,1.03,16.900,2.469
1943-01,10.09,0.59,1.04,16.900,2.470
1943-02,10.69,0.59,1.06,16.900,2.471
1943-03,11.07,0.59,1.07,17.200,2.472
1943-04,11.44,0.59,1.08,17.400,2.473
1943-05,11.89,0.59,1.09,17.500,2.473
1943-06,12.10,0.59,1.10,17.500,2.474
1943-07,12.35,0.59,1.09,17.400,2.475
1943-08,11.74,0.60,1.09,17.300,2.476
1943-09,11.99,0.60,1.08,17.400,2.477
1943-10,11.88,0.60,1.03,17.400,2.478
1943-11,11.33,0.61,0.99,17.400,2.478
1943-12,11.48,0.61,0.94,17.400,2.479
1944-01,11.85,0.61,0.94,17.400,2.480
1944-02,11.77,0.62,0.93,17.400,2.471
1944-03,12.10,0.62,0.93,17.400,2.462
1944-04,11.89,0.62,0.93,17.500,2.453
1944-05,12.10,0.63,0.92,17.500,2.443
1944-06,12.67,0.63,0.92,17.600,2.434
1944-07,13.00,0.63,0.91,17.700,2.425
1944-08,12.81,0.64,0.91,17.700,2.416
1944-09,12.60,0.64,0.90,17.700,2.407
1944-10,12.91,0.64,0.91,17.700,2.398
1944-11,12.82,0.64,0.92,17.700,2.388
1944-12,13.10,0.64,0.93,17.800,2.379
1945-01,13.49,0.64,0.94,17.800,2.370
1945-02,13.94,0.65,0.95,17.800,2.355
1945-03,13.93,0.65,0.96,17.800,2.340
1945-04,14.28,0.65,0.97,17.800,2.325
1945-05,14.82,0.65,0.99,17.900,2.310
1945-06,15.09,0.65,1.00,18.100,2.295
1945-07,14.78,0.65,1.00,18.100,2.280
1945-08,14.83,0.66,0.99,18.100,2.265
1945-09,15.84,0.66,0.99,18.100,2.250
1945-10,16.50,0.66,0.98,18.100,2.235
1945-11,17.04,0.66,0.97,18.100,2.220
1945-12,17.33,0.66,0.96,18.200,2.205
1946-01,18.02,0.67,0.94,18.200,2.190
1946-02,18.07,0.67,0.92,18.100,2.195
1946-03,17.53,0.68,0.90,18.300,2.200
1946-04,18.66,0.68,0.88,18.400,2.205
1946-05,18.70,0.68,0.86,18.500,2.210
1946-06,18.58,0.68,0.84,18.700,2.215
1946-07,18.05,0.68,0.86,19.800,2.220
1946-08,17.70,0.69,0.87,20.200,2.225
1946-09,15.09,0.69,0.89,20.400,2.230
1946-10,14.75,0.70,0.95,20.800,2.235
1946-11,14.69,0.70,1.00,21.300,2.240
1946-12,15.13,0.71,1.06,21.500,2.245
1947-01,15.21,0.71,1.13,21.500,2.250
1947-02,15.80,0.72,1.20,21.500,2.266
1947-03,15.16,0.72,1.27,21.900,2.282
1947-04,14.60,0.73,1.33,21.900,2.298
1947-05,14.34,0.75,1.38,21.900,2.313
1947-06,14.84,0.76,1.44,22.000,2.329
1947-07,15.77,0.77,1.48,22.200,2.345
1947-08,15.46,0.78,1.51,22.500,2.361
1947-09,15.06,0.79,1.55,23.000,2.377
1947-10,15.45,0.81,1.57,23.000,2.393
1947-11,15.27,0.82,1.59,23.100,2.408
1947-12,15.03,0.84,1.61,23.400,2.424
1948-01,14.83,0.84,1.64,23.700,2.440
1948-02,14.10,0.85,1.68,23.500,2.429
1948-03,14.30,0.85,1.71,23.400,2.418
1948-04,15.40,0.85,1.76,23.800,2.408
1948-05,16.15,0.85,1.81,23.900,2.397
1948-06,16.82,0.85,1.86,24.100,2.386
1948-07,16.42,0.86,1.93,24.400,2.375
1948-08,15.94,0.86,2.00,24.500,2.364
1948-09,15.76,0.87,2.07,24.500,2.353
1948-10,16.19,0.89,2.14,24.400,2.343
1948-11,15.29,0.91,2.22,24.200,2.332
1948-12,15.19,0.93,2.29,24.100,2.321
1949-01,15.36,0.95,2.32,24.000,2.310
1949-02,14.77,0.96,2.35,23.800,2.311
1949-03,14.91,0.98,2.38,23.800,2.312
1949-04,14.89,0.99,2.39,23.900,2.313
1949-05,14.78,1.01,2.39,23.800,2.313
1949-06,13.97,1.02,2.40,23.900,2.314
1949-07,14.76,1.03,2.40,23.700,2.315
1949-08,15.29,1.03,2.39,23.800,2.316
1949-09,15.49,1.04,2.39,23.900,2.317
1949-10,15.89,1.07,2.37,23.700,2.318
1949-11,16.11,1.11,2.34,23.800,2.318
1949-12,16.54,1.14,2.32,23.600,2.319
1950-01,16.88,1.15,2.34,23.500,2.320
1950-02,17.21,1.16,2.35,23.500,2.341
1950-03,17.35,1.17,2.37,23.600,2.362
1950-04,17.84,1.18,2.43,23.600,2.383
1950-05,18.44,1.19,2.48,23.700,2.403
1950-06,18.74,1.20,2.54,23.800,2.424
1950-07,17.38,1.24,2.60,24.100,2.445
1950-08,18.43,1.29,2.66,24.300,2.466
1950-09,19.08,1.33,2.72,24.400,2.487
1950-10,19.87,1.38,2.76,24.600,2.508
1950-11,19.83,1.42,2.80,24.700,2.528
1950-12,19.75,1.47,2.84,25.000,2.549
1951-01,21.21,1.49,2.84,25.400,2.570
1951-02,22.00,1.50,2.83,25.700,2.579
1951-03,21.63,1.52,2.83,25.800,2.588
1951-04,21.92,1.53,2.79,25.800,2.598
1951-05,21.93,1.55,2.76,25.900,2.607
1951-06,21.55,1.56,2.72,25.900,2.616
1951-07,21.93,1.55,2.65,25.900,2.625
1951-08,22.89,1.53,2.58,25.900,2.634
1951-09,23.48,1.52,2.51,26.100,2.643
1951-10,23.36,1.48,2.49,26.200,2.653
1951-11,22.71,1.45,2.46,26.400,2.662
1951-12,23.41,1.41,2.44,26.500,2.671
1952-01,24.19,1.41,2.43,26.500,2.680
1952-02,23.75,1.42,2.41,26.300,2.693
1952-03,23.81,1.42,2.40,26.300,2.705
1952-04,23.74,1.43,2.38,26.400,2.718
1952-05,23.73,1.44,2.36,26.400,2.730
1952-06,24.38,1.45,2.34,26.500,2.743
1952-07,25.08,1.45,2.35,26.700,2.755
1952-08,25.18,1.45,2.35,26.700,2.768
1952-09,24.78,1.45,2.36,26.700,2.780
1952-10,24.26,1.44,2.37,26.700,2.793
1952-11,25.03,1.42,2.39,26.700,2.805
1952-12,26.04,1.41,2.40,26.700,2.818
1953-01,26.18,1.41,2.41,26.600,2.830
1953-02,25.86,1.41,2.42,26.500,2.801
1953-03,25.99,1.41,2.43,26.600,2.772
1953-04,24.71,1.41,2.46,26.600,2.830
1953-05,24.84,1.42,2.48,26.700,3.050
1953-06,23.95,1.42,2.51,26.800,3.110
1953-07,24.29,1.42,2.52,26.800,2.930
1953-08,24.39,1.42,2.54,26.900,2.950
1953-09,23.27,1.42,2.55,26.900,2.870
1953-10,23.97,1.43,2.54,27.000,2.660
1953-11,24.50,1.44,2.52,26.900,2.680
1953-12,24.83,1.45,2.51,26.900,2.590
1954-01,25.46,1.46,2.52,26.900,2.480
1954-02,26.02,1.46,2.54,26.900,2.470
1954-03,26.57,1.47,2.55,26.900,2.370
1954-04,27.63,1.46,2.57,26.800,2.290
1954-05,28.73,1.46,2.60,26.900,2.370
1954-06,28.96,1.45,2.62,26.900,2.380
1954-07,30.13,1.46,2.62,26.900,2.300
1954-08,30.73,1.46,2.63,26.900,2.360
1954-09,31.45,1.47,2.63,26.800,2.380
1954-10,32.18,1.49,2.68,26.800,2.430
1954-11,33.44,1.52,2.72,26.800,2.480
1954-12,34.97,1.54,2.77,26.700,2.510
1955-01,35.60,1.55,2.83,26.700,2.610
1955-02,36.79,1.55,2.90,26.700,2.650
1955-03,36.50,1.56,2.96,26.700,2.680
1955-04,37.76,1.56,3.05,26.700,2.750
1955-05,37.60,1.57,3.13,26.700,2.760
1955-06,39.78,1.57,3.22,26.700,2.780
1955-07,42.69,1.59,3.29,26.800,2.900
1955-08,42.43,1.60,3.37,26.800,2.970
1955-09,44.34,1.62,3.44,26.900,2.970
1955-10,42.11,1.63,3.50,26.900,2.880
1955-11,44.95,1.63,3.56,26.900,2.890
1955-12,45.37,1.64,3.62,26.800,2.960
1956-01,44.15,1.67,3.64,26.800,2.900
1956-02,44.43,1.70,3.67,26.800,2.840
1956-03,47.49,1.73,3.69,26.800,2.960
1956-04,48.05,1.75,3.66,26.900,3.180
1956-05,46.54,1.78,3.63,27.000,3.070
1956-06,46.27,1.80,3.60,27.200,3.000
1956-07,48.78,1.81,3.55,27.400,3.110
1956-08,48.49,1.83,3.51,27.300,3.330
1956-09,46.84,1.84,3.46,27.400,3.380
1956-10,46.24,1.81,3.44,27.500,3.340
1956-11,45.76,1.77,3.43,27.500,3.490
1956-12,46.44,1.74,3.41,27.600,3.590
1957-01,45.43,1.74,3.41,27.600,3.460
1957-02,43.47,1.73,3.40,27.700,3.340
1957-03,44.03,1.73,3.40,27.800,3.410
1957-04,45.05,1.73,3.41,27.900,3.480
1957-05,46.78,1.73,3.41,28.000,3.600
1957-06,47.55,1.73,3.42,28.100,3.800
1957-07,48.51,1.74,3.44,28.300,3.930
1957-08,45.84,1.75,3.45,28.300,3.930
1957-09,43.98,1.76,3.47,28.300,3.920
1957-10,41.24,1.77,3.44,28.300,3.970
1957-11,40.35,1.78,3.40,28.400,3.720
1957-12,40.33,1.79,3.37,28.400,3.210
1958-01,41.12,1.78,3.29,28.600,3.090
1958-02,41.26,1.78,3.22,28.600,3.050
1958-03,42.11,1.77,3.14,28.800,2.980
1958-04,42.34,1.76,3.07,28.900,2.880
1958-05,43.70,1.74,3.00,28.900,2.920
1958-06,44.75,1.73,2.93,28.900,2.970
1958-07,45.98,1.73,2.91,29.000,3.200
1958-08,47.70,1.73,2.90,28.900,3.540
1958-09,48.96,1.73,2.88,28.900,3.760
1958-10,50.95,1.74,2.88,28.900,3.800
1958-11,52.50,1.74,2.89,29.000,3.740
1958-12,53.49,1.75,2.89,28.900,3.860
1959-01,55.62,1.76,2.96,29.000,4.020
1959-02,54.77,1.76,3.04,28.900,3.960
1959-03,56.16,1.77,3.11,28.900,3.990
1959-04,57.10,1.78,3.21,29.000,4.120
1959-05,57.96,1.78,3.30,29.000,4.310
1959-06,57.46,1.79,3.40,29.100,4.340
1959-07,59.74,1.80,3.41,29.200,4.400
1959-08,59.40,1.80,3.42,29.200,4.430
1959-09,57.05,1.81,3.43,29.300,4.680
1959-10,57.00,1.82,3.42,29.400,4.530
1959-11,57.23,1.82,3.40,29.400,4.530
1959-12,59.06,1.83,3.39,29.400,4.690
1960-01,58.03,1.87,3.39,29.300,4.720
1960-02,55.78,1.90,3.39,29.400,4.490
1960-03,55.02,1.94,3.39,29.400,4.250
1960-04,55.73,1.94,3.35,29.500,4.280
1960-05,55.22,1.95,3.30,29.500,4.350
1960-06,57.26,1.95,3.26,29.600,4.150
1960-07,55.84,1.95,3.26,29.600,3.900
1960-08,56.51,1.95,3.27,29.600,3.800
1960-09,54.81,1.95,3.27,29.600,3.800
1960-10,53.73,1.95,3.27,29.800,3.890
1960-11,55.47,1.95,3.27,29.800,3.930
1960-12,56.80,1.95,3.27,29.800,3.840
1961-01,59.72,1.95,3.21,29.800,3.840
1961-02,62.17,1.94,3.15,29.800,3.780
1961-03,64.12,1.94,3.09,29.800,3.740
1961-04,65.83,1.94,3.07,29.800,3.780
1961-05,66.50,1.94,3.05,29.800,3.710
1961-06,65.62,1.94,3.03,29.800,3.880
1961-07,65.44,1.95,3.04,30.000,3.920
1961-08,67.79,1.95,3.04,29.900,4.040
1961-09,67.26,1.96,3.05,30.000,3.980
1961-10,68.00,1.98,3.10,30.000,3.920
1961-11,71.08,2.00,3.14,30.000,3.940
1961-12,71.74,2.02,3.19,30.000,4.060
1962-01,69.07,2.03,3.25,30.000,4.080
1962-02,70.22,2.03,3.31,30.100,4.040
1962-03,70.29,2.04,3.37,30.100,3.930
1962-04,68.05,2.05,3.40,30.200,3.840
1962-05,62.99,2.05,3.44,30.200,3.870
1962-06,55.63,2.06,3.47,30.200,3.910
1962-07,56.97,2.07,3.49,30.300,4.010
1962-08,58.52,2.07,3.51,30.300,3.980
1962-09,58.00,2.08,3.53,30.400,3.980
1962-10,56.17,2.10,3.58,30.400,3.930
1962-11,60.04,2.11,3.62,30.400,3.920
1962-12,62.64,2.13,3.67,30.400,3.860
1963-01,65.06,2.14,3.68,30.400,3.830
1963-02,65.92,2.14,3.70,30.400,3.920
1963-03,65.67,2.15,3.71,30.500,3.930
1963-04,68.76,2.17,3.75,30.500,3.970
1963-05,70.14,2.18,3.80,30.500,3.930
1963-06,70.11,2.20,3.84,30.600,3.990
1963-07,69.07,2.20,3.88,30.700,4.020
1963-08,70.98,2.21,3.92,30.700,4.000
1963-09,72.85,2.21,3.96,30.700,4.080
1963-10,73.03,2.23,3.98,30.800,4.110
1963-11,72.62,2.26,4.00,30.800,4.120
1963-12,74.17,2.28,4.02,30.900,4.130
1964-01,76.45,2.30,4.07,30.900,4.170
1964-02,77.39,2.31,4.13,30.900,4.150
1964-03,78.80,2.33,4.18,30.900,4.220
1964-04,79.94,2.35,4.23,30.900,4.230
1964-05,80.72,2.36,4.28,30.900,4.200
1964-06,80.24,2.38,4.33,31.000,4.170
1964-07,83.22,2.40,4.38,31.100,4.190
1964-08,82.00,2.42,4.42,31.000,4.190
1964-09,83.41,2.44,4.47,31.100,4.200
1964-10,84.85,2.46,4.50,31.100,4.190
1964-11,85.44,2.48,4.52,31.200,4.150
1964-12,83.96,2.50,4.55,31.200,4.180
1965-01,86.12,2.52,4.59,31.200,4.190
1965-02,86.75,2.53,4.64,31.200,4.210
1965-03,86.83,2.55,4.68,31.300,4.210
1965-04,87.97,2.57,4.73,31.400,4.200
1965-05,89.28,2.59,4.79,31.400,4.210
1965-06,85.04,2.61,4.84,31.600,4.210
1965-07,84.91,2.63,4.89,31.600,4.200
1965-08,86.49,2.64,4.93,31.600,4.250
1965-09,89.38,2.66,4.98,31.600,4.290
1965-10,91.39,2.68,5.05,31.700,4.350
1965-11,92.15,2.70,5.12,31.700,4.450
1965-12,91.73,2.72,5.19,31.800,4.620
1966-01,93.32,2.74,5.24,31.800,4.610
1966-02,92.69,2.76,5.29,32.000,4.830
1966-03,88.88,2.78,5.34,32.100,4.870
1966-04,91.60,2.80,5.38,32.300,4.750
1966-05,86.78,2.81,5.42,32.300,4.780
1966-06,86.06,2.83,5.46,32.400,4.810
1966-07,85.84,2.85,5.48,32.500,5.020
1966-08,80.65,2.87,5.49,32.700,5.220
1966-09,77.81,2.89,5.51,32.700,5.180
1966-10,77.13,2.88,5.52,32.900,5.010
1966-11,80.99,2.88,5.54,32.900,5.160
1966-12,81.33,2.87,5.55,32.900,4.840
1967-01,84.45,2.88,5.52,32.900,4.580
1967-02,87.36,2.89,5.48,32.900,4.630
1967-03,89.42,2.90,5.45,33.000,4.540
1967-04,90.96,2.90,5.41,33.100,4.590
1967-05,92.59,2.90,5.37,33.200,4.850
1967-06,91.43,2.90,5.33,33.300,5.020
1967-07,93.01,2.91,5.32,33.400,5.160
1967-08,94.49,2.91,5.31,33.500,5.280
1967-09,95.81,2.92,5.30,33.600,5.300
1967-10,95.66,2.92,5.31,33.700,5.480
1967-11,92.66,2.92,5.32,33.800,5.750
1967-12,95.30,2.92,5.33,33.900,5.700
1968-01,95.04,2.93,5.37,34.100,5.530
1968-02,90.75,2.94,5.40,34.200,5.560
1968-03,89.09,2.95,5.44,34.300,5.740
1968-04,95.67,2.96,5.48,34.400,5.640
1968-05,97.87,2.98,5.53,34.500,5.870
1968-06,100.50,2.99,5.57,34.700,5.720
1968-07,100.30,3.00,5.60,34.900,5.500
1968-08,98.11,3.02,5.63,35.000,5.420
1968-09,101.30,3.03,5.66,35.100,5.460
1968-10,103.80,3.04,5.69,35.300,5.580
1968-11,105.40,3.06,5.73,35.400,5.700
1968-12,106.50,3.07,5.76,35.500,6.030
1969-01,102.00,3.08,5.78,35.600,6.040
1969-02,101.50,3.09,5.80,35.800,6.190
1969-03,99.30,3.10,5.82,36.100,6.300
1969-04,101.30,3.11,5.83,36.300,6.170
1969-05,104.60,3.12,5.83,36.400,6.320
1969-06,99.14,3.13,5.84,36.600,6.570
1969-07,94.71,3.14,5.86,36.800,6.720
1969-08,94.18,3.14,5.87,37.000,6.690
1969-09,94.51,3.15,5.89,37.100,7.160
1969-10,95.52,3.15,5.85,37.300,7.100
1969-11,96.21,3.16,5.82,37.500,7.140
1969-12,91.11,3.16,5.78,37.700,7.650
1970-01,90.31,3.16,5.73,37.800,7.790
1970-02,87.16,3.17,5.68,38.000,7.240
1970-03,88.65,3.17,5.63,38.200,7.070
1970-04,85.95,3.17,5.59,38.500,7.390
1970-05,76.06,3.18,5.56,38.600,7.910
1970-06,75.59,3.18,5.52,38.800,7.840
1970-07,75.72,3.18,5.47,39.000,7.460
1970-08,77.92,3.19,5.41,39.000,7.530
1970-09,82.58,3.19,5.36,39.200,7.390
1970-10,84.37,3.17,5.28,39.400,7.330
1970-11,84.28,3.16,5.21,39.600,6.840
1970-12,90.05,3.14,5.13,39.800,6.390
1971-01,93.49,3.13,5.16,39.800,6.240
1971-02,97.11,3.12,5.19,39.900,6.110
1971-03,99.60,3.11,5.22,40.000,5.700
1971-04,103.00,3.11,5.25,40.100,5.830
1971-05,101.60,3.10,5.29,40.300,6.390
1971-06,99.72,3.10,5.32,40.600,6.520
1971-07,99.00,3.10,5.36,40.700,6.730
1971-08,97.24,3.09,5.39,40.800,6.580
1971-09,99.40,3.09,5.43,40.800,6.140
1971-10,97.29,3.08,5.52,40.900,5.930
1971-11,92.78,3.08,5.61,40.900,5.810
1971-12,99.17,3.07,5.70,41.100,5.930
1972-01,103.30,3.07,5.74,41.100,5.950
1972-02,105.20,3.07,5.77,41.300,6.080
1972-03,107.70,3.07,5.81,41.400,6.070
1972-04,108.80,3.07,5.86,41.500,6.190
1972-05,107.70,3.07,5.92,41.600,6.130
1972-06,108.00,3.07,5.97,41.700,6.110
1972-07,107.20,3.07,6.03,41.900,6.110
1972-08,111.00,3.08,6.08,42.000,6.210
1972-09,109.40,3.08,6.14,42.100,6.550
1972-10,109.60,3.10,6.23,42.300,6.480
1972-11,115.10,3.13,6.33,42.400,6.280
1972-12,117.50,3.15,6.42,42.500,6.360
1973-01,118.40,3.16,6.55,42.600,6.460
1973-02,114.20,3.16,6.67,42.900,6.640
1973-03,112.40,3.17,6.80,43.300,6.710
1973-04,110.30,3.19,6.94,43.600,6.670
1973-05,107.20,3.20,7.09,43.900,6.850
1973-06,104.80,3.22,7.23,44.200,6.900
1973-07,105.80,3.24,7.38,44.300,7.130
1973-08,103.80,3.25,7.54,45.100,7.400
1973-09,105.60,3.27,7.69,45.200,7.090
1973-10,109.80,3.31,7.85,45.600,6.790
1973-11,102.00,3.34,8.00,45.900,6.730
1973-12,94.78,3.38,8.16,46.200,6.740
1974-01,96.11,3.40,8.23,46.600,6.990
1974-02,93.45,3.42,8.29,47.200,6.960
1974-03,97.44,3.44,8.36,47.800,7.210
1974-04,92.46,3.46,8.49,48.000,7.510
1974-05,89.67,3.48,8.61,48.600,7.580
1974-06,89.79,3.50,8.74,49.000,7.540
1974-07,79.31,3.53,8.86,49.400,7.810
1974-08,76.03,3.56,8.99,50.000,8.040
1974-09,68.12,3.59,9.11,50.600,8.040
1974-10,69.44,3.59,9.04,51.100,7.900
1974-11,71.74,3.60,8.96,51.500,7.680
1974-12,67.07,3.60,8.89,51.900,7.430
1975-01,72.56,3.62,8.74,52.100,7.500
1975-02,80.10,3.65,8.60,52.500,7.390
1975-03,83.78,3.67,8.45,52.700,7.730
1975-04,84.72,3.68,8.29,52.900,8.230
1975-05,90.10,3.70,8.12,53.200,8.060
1975-06,92.40,3.71,7.96,53.600,7.860
1975-07,92.49,3.71,7.89,54.200,8.060
1975-08,85.71,3.71,7.83,54.300,8.400
1975-09,84.67,3.71,7.76,54.600,8.430
1975-10,88.57,3.70,7.83,54.900,8.140
1975-11,90.07,3.69,7.89,55.300,8.050
1975-12,88.70,3.68,7.96,55.500,8.000
1976-01,96.86,3.68,8.19,55.600,7.740
1976-02,100.60,3.69,8.43,55.800,7.790
1976-03,101.10,3.69,8.66,55.900,7.730
1976-04,101.90,3.71,8.86,56.100,7.560
1976-05,101.20,3.74,9.05,56.500,7.900
1976-06,101.80,3.76,9.25,56.800,7.860
1976-07,104.20,3.79,9.35,57.100,7.830
1976-08,103.30,3.82,9.45,57.400,7.770
1976-09,105.50,3.85,9.55,57.600,7.590
1976-10,101.90,3.92,9.67,57.900,7.410
1976-11,101.20,3.98,9.79,58.000,7.290
1976-12,104.70,4.05,9.91,58.200,6.870
1977-01,103.80,4.10,9.97,58.500,7.210
1977-02,101.00,4.14,10.02,59.100,7.390
1977-03,100.60,4.19,10.08,59.500,7.460
1977-04,99.05,4.25,10.19,60.000,7.370
1977-05,98.76,4.30,10.31,60.300,7.460
1977-06,99.29,4.36,10.42,60.700,7.280
1977-07,100.20,4.41,10.52,61.000,7.330
1977-08,97.75,4.45,10.61,61.200,7.400
1977-09,96.23,4.50,10.71,61.400,7.340
1977-10,93.74,4.56,10.77,61.600,7.520
1977-11,94.28,4.61,10.83,61.900,7.580
1977-12,93.82,4.67,10.89,62.100,7.690
1978-01,90.25,4.71,10.90,62.500,7.960
1978-02,88.98,4.76,10.91,62.900,8.030
1978-03,88.82,4.80,10.92,63.400,8.040
1978-04,92.71,4.84,11.02,63.900,8.150
1978-05,97.41,4.87,11.13,64.500,8.350
1978-06,97.66,4.91,11.23,65.200,8.460
1978-07,97.19,4.95,11.34,65.700,8.640
1978-08,103.90,4.98,11.46,66.000,8.410
1978-09,103.90,5.02,11.57,66.500,8.420
1978-10,100.60,5.04,11.82,67.100,8.640
1978-11,94.71,5.05,12.08,67.400,8.810
1978-12,96.11,5.07,12.33,67.700,9.010
1979-01,99.71,5.11,12.65,68.300,9.100
1979-02,98.23,5.16,12.98,69.100,9.100
1979-03,100.10,5.20,13.30,69.800,9.120
1979-04,102.10,5.25,13.53,70.600,9.180
1979-05,99.73,5.29,13.75,71.500,9.250
1979-06,101.70,5.34,13.98,72.300,8.910
1979-07,102.70,5.40,14.20,73.100,8.950
1979-08,107.40,5.45,14.41,73.800,9.030
1979-09,108.60,5.51,14.63,74.600,9.330
1979-10,104.50,5.56,14.71,75.200,10.300
1979-11,103.70,5.60,14.78,75.900,10.650
1979-12,107.80,5.65,14.86,76.700,10.390
1980-01,110.90,5.70,15.00,77.800,10.800
1980-02,115.30,5.75,15.15,78.900,12.410
1980-03,104.70,5.80,15.29,80.100,12.750
1980-04,103.00,5.85,15.17,81.000,11.470
1980-05,107.70,5.89,15.06,81.800,10.180
1980-06,114.60,5.94,14.94,82.700,9.780
1980-07,119.80,5.98,14.84,82.700,10.250
1980-08,123.50,6.03,14.74,83.300,11.100
1980-09,126.50,6.07,14.64,84.000,11.510
1980-10,130.20,6.10,14.70,84.800,11.750
1980-11,135.70,6.13,14.76,85.500,12.680
1980-12,133.50,6.16,14.82,86.300,12.840
1981-01,133.00,6.20,14.74,87.000,12.570
1981-02,128.40,6.24,14.66,87.900,13.190
1981-03,133.20,6.28,14.58,88.500,13.120
1981-04,134.40,6.32,14.72,89.100,13.680
1981-05,131.70,6.35,14.87,89.800,14.100
1981-06,132.30,6.39,15.01,90.600,13.470
1981-07,129.10,6.43,15.10,91.600,14.280
1981-08,129.60,6.48,15.18,92.300,14.940
1981-09,118.30,6.52,15.27,93.200,15.320
1981-10,119.80,6.56,15.30,93.400,15.150
1981-11,122.90,6.59,15.33,93.700,13.390
1981-12,123.80,6.63,15.36,94.000,13.720
1982-01,117.30,6.66,15.18,94.300,14.590
1982-02,114.50,6.69,14.99,94.600,14.430
1982-03,110.80,6.72,14.81,94.500,13.860
1982-04,116.30,6.75,14.60,94.900,13.870
1982-05,116.40,6.78,14.38,95.800,13.620
1982-06,109.70,6.81,14.17,97.000,14.300
1982-07,109.40,6.82,13.97,97.500,13.950
1982-08,109.70,6.84,13.76,97.700,13.060
1982-09,122.40,6.85,13.56,97.900,12.340
1982-10,132.70,6.86,13.25,98.200,10.910
1982-11,138.10,6.86,12.95,98.000,10.550
1982-12,139.40,6.87,12.64,97.600,10.540
1983-01,144.30,6.88,12.57,97.800,10.460
1983-02,146.80,6.90,12.49,97.900,10.720
1983-03,151.90,6.91,12.42,97.900,10.510
1983-04,157.70,6.92,12.48,98.600,10.400
1983-05,164.10,6.93,12.53,99.200,10.380
1983-06,166.40,6.94,12.59,99.500,10.850
1983-07,167.00,6.96,12.83,99.900,11.380
1983-08,162.40,6.98,13.06,100.200,11.850
1983-09,167.20,7.00,13.30,100.700,11.650
1983-10,167.70,7.03,13.54,101.000,11.540
1983-11,165.20,7.06,13.79,101.200,11.690
1983-12,164.40,7.09,14.03,101.300,11.830
1984-01,166.40,7.12,14.44,101.900,11.670
1984-02,157.30,7.15,14.85,102.400,11.840
1984-03,157.40,7.18,15.26,102.600,12.320
1984-04,157.60,7.22,15.57,103.100,12.630
1984-05,156.60,7.27,15.89,103.400,13.410
1984-06,153.10,7.31,16.20,103.700,13.560
1984-07,151.10,7.33,16.32,104.100,13.360
1984-08,164.40,7.36,16.44,104.500,12.720
1984-09,166.10,7.38,16.56,105.000,12.520
1984-10,164.80,7.43,16.59,105.300,12.160
1984-11,166.30,7.48,16.61,105.300,11.570
1984-12,164.50,7.53,16.64,105.300,11.500
1985-01,171.60,7.57,16.56,105.500,11.380
1985-02,180.90,7.62,16.47,106.000,11.510
1985-03,179.40,7.66,16.39,106.400,11.860
1985-04,180.60,7.69,16.13,106.900,11.430
1985-05,184.90,7.71,15.87,107.300,10.850
1985-06,188.90,7.74,15.61,107.600,10.160
1985-07,192.50,7.77,15.48,107.800,10.310
1985-08,188.30,7.81,15.36,108.000,10.330
1985-09,184.10,7.84,15.23,108.300,10.370
1985-10,186.20,7.86,15.02,108.700,10.240
1985-11,197.50,7.88,14.82,109.000,9.780
1985-12,207.30,7.90,14.61,109.300,9.260
1986-01,208.20,7.94,14.58,109.600,9.190
1986-02,219.40,7.98,14.55,109.300,8.700
1986-03,232.30,8.02,14.52,108.800,7.780
1986-04,238.00,8.05,14.58,108.600,7.300
1986-05,238.50,8.07,14.65,108.900,7.710
1986-06,245.30,8.10,14.71,109.500,7.800
1986-07,240.20,8.14,14.76,109.500,7.300
1986-08,245.00,8.19,14.80,109.700,7.170
1986-09,238.30,8.23,14.85,110.200,7.450
1986-10,237.40,8.25,14.73,110.300,7.430
1986-11,245.10,8.26,14.60,110.400,7.250
1986-12,248.60,8.28,14.48,110.500,7.110
1987-01,264.50,8.30,14.69,111.200,7.080
1987-02,280.90,8.32,14.89,111.600,7.250
1987-03,292.50,8.34,15.10,112.100,7.250
1987-04,289.30,8.40,14.87,112.700,8.020
1987-05,289.10,8.46,14.65,113.100,8.610
1987-06,301.40,8.52,14.42,113.500,8.400
1987-07,310.10,8.57,14.90,113.800,8.450
1987-08,329.40,8.61,15.38,114.400,8.760
1987-09,318.70,8.66,15.86,115.000,9.420
1987-10,280.20,8.71,16.41,115.300,9.520
1987-11,245.00,8.76,16.95,115.400,8.860
1987-12,241.00,8.81,17.50,115.400,8.990
1988-01,250.50,8.86,17.86,115.700,8.670
1988-02,258.10,8.90,18.23,116.000,8.210
1988-03,265.70,8.95,18.59,116.500,8.370
1988-04,262.60,9.04,19.62,117.100,8.720
1988-05,256.10,9.14,20.64,117.500,9.090
1988-06,270.70,9.23,21.67,118.000,8.920
1988-07,269.10,9.31,22.02,118.500,9.060
1988-08,263.70,9.38,22.38,119.000,9.260
1988-09,268.00,9.46,22.73,119.800,8.980
1988-10,277.40,9.55,23.07,120.200,8.800
1988-11,271.00,9.64,23.42,120.300,8.960
1988-12,276.50,9.75,23.75,120.500,9.110
1989-01,285.40,9.81,24.16,121.100,9.090
1989-02,294.00,9.90,24.56,121.600,9.170
1989-03,292.70,10.01,24.96,122.300,9.360
1989-04,302.30,10.09,25.05,123.100,9.180
1989-05,313.90,10.19,25.13,123.800,8.860
1989-06,323.70,10.37,25.22,124.100,8.280
1989-07,331.90,10.42,24.71,124.400,8.020
1989-08,346.60,10.55,24.20,124.600,8.110
1989-09,347.30,10.73,23.69,125.000,8.190
1989-10,347.40,10.80,23.43,125.600,8.010
1989-11,340.20,10.92,23.16,125.900,7.870
1989-12,348.60,11.06,22.87,126.100,7.840
1990-01,339.97,11.14,22.49,127.400,8.210
1990-02,330.45,11.23,22.08,128.000,8.470
1990-03,338.46,11.32,21.67,128.700,8.590
1990-04,338.18,11.44,21.53,128.900,8.790
1990-05,350.25,11.55,21.40,129.200,8.760
1990-06,360.39,11.66,21.26,129.900,8.480
1990-07,360.03,11.73,21.42,130.400,8.470
1990-08,330.75,11.78,21.58,131.600,8.750
1990-09,315.41,11.83,21.74,132.700,8.890
1990-10,307.12,11.93,21.61,133.500,8.720
1990-11,315.29,12.01,21.47,133.800,8.390
1990-12,328.75,12.09,21.34,133.800,8.080
1991-01,325.49,12.11,21.18,134.600,8.090
1991-02,362.26,12.11,21.03,134.800,7.850
1991-03,372.28,12.11,20.94,135.000,8.110
1991-04,379.68,12.13,20.36,135.200,8.040
1991-05,377.99,12.14,19.86,135.600,8.070
1991-06,378.29,12.15,19.41,136.000,8.280
1991-07,380.23,12.19,18.84,136.200,8.270
1991-08,389.40,12.24,18.33,136.600,7.900
1991-09,387.20,12.28,17.82,137.200,7.650
1991-10,386.88,12.25,17.20,137.400,7.530
1991-11,385.92,12.23,16.59,137.800,7.420
1991-12,388.51,12.20,15.97,137.900,7.090
1992-01,416.08,12.24,16.05,138.100,7.030
1992-02,412.56,12.28,16.12,138.600,7.340
1992-03,407.36,12.32,16.19,139.300,7.540
1992-04,407.41,12.32,16.48,139.500,7.480
1992-05,414.81,12.32,16.77,139.700,7.390
1992-06,408.27,12.32,17.05,140.200,7.260
1992-07,415.05,12.34,17.38,140.500,6.840
1992-08,417.93,12.37,17.71,140.900,6.590
1992-09,418.48,12.40,18.04,141.300,6.420
1992-10,412.50,12.39,18.39,141.800,6.590
1992-11,422.84,12.38,18.74,142.000,6.870
1992-12,435.64,12.39,19.09,141.900,6.770
1993-01,435.23,12.41,19.34,142.600,6.600
1993-02,441.70,12.45,19.59,143.100,6.260
1993-03,450.16,12.48,19.84,143.600,5.980
1993-04,443.08,12.49,19.67,144.000,5.970
1993-05,445.25,12.51,19.50,144.200,6.040
1993-06,448.06,12.52,19.33,144.400,5.960
1993-07,447.29,12.52,19.69,144.400,5.810
1993-08,454.13,12.52,20.05,144.800,5.680
1993-09,459.24,12.52,20.41,145.100,5.360
1993-10,463.90,12.54,20.90,145.700,5.330
1993-11,462.89,12.56,21.39,145.800,5.720
1993-12,465.95,12.58,21.89,145.800,5.770
1994-01,472.99,12.62,22.16,146.200,5.750
1994-02,471.58,12.67,22.43,146.700,5.970
1994-03,463.81,12.71,22.71,147.200,6.480
1994-04,447.23,12.75,23.54,147.400,6.970
1994-05,450.90,12.80,24.37,147.500,7.180
1994-06,454.83,12.84,25.20,148.000,7.100
1994-07,451.40,12.87,25.91,148.400,7.300
1994-08,464.24,12.90,26.62,149.000,7.240
1994-09,466.96,12.92,27.33,149.400,7.460
1994-10,463.81,13.01,28.42,149.500,7.740
1994-11,461.01,13.10,29.51,149.700,7.960
1994-12,455.19,13.17,30.60,149.700,7.810
1995-01,465.25,13.18,31.25,150.300,7.780
1995-02,481.92,13.18,31.90,150.900,7.470
1995-03,493.15,13.17,32.55,151.400,7.200
1995-04,507.91,13.24,33.18,151.900,7.060
1995-05,523.81,13.31,33.80,152.200,6.630
1995-06,539.35,13.36,34.43,152.500,6.170
1995-07,557.37,13.44,34.68,152.500,6.280
1995-08,559.11,13.51,34.93,152.900,6.490
1995-09,578.77,13.58,35.18,153.200,6.200
1995-10,582.92,13.65,34.77,153.700,6.040
1995-11,595.53,13.72,34.37,153.600,5.930
1995-12,614.57,13.79,33.96,153.500,5.710
1996-01,614.42,13.89,33.99,154.400,5.650
1996-02,649.54,14.00,34.01,154.900,5.810
1996-03,647.07,14.10,34.04,155.700,6.270
1996-04,647.17,14.16,34.33,156.300,6.510
1996-05,661.23,14.21,34.62,156.600,6.740
1996-06,668.50,14.27,34.91,156.700,6.910
1996-07,644.07,14.40,35.27,157.000,6.870
1996-08,662.68,14.53,35.64,157.300,6.640
1996-09,674.88,14.66,36.00,157.800,6.830
1996-10,701.46,14.74,36.91,158.300,6.530
1996-11,735.67,14.82,37.82,158.600,6.200
1996-12,743.25,14.90,38.73,158.600,6.300
1997-01,766.22,14.95,39.23,159.100,6.580
1997-02,798.39,15.01,39.74,159.600,6.420
1997-03,792.16,15.06,40.24,160.000,6.690
1997-04,763.93,15.09,40.34,160.200,6.890
1997-05,833.09,15.13,40.45,160.100,6.710
1997-06,876.29,15.16,40.55,160.300,6.490
1997-07,925.29,15.22,40.58,160.500,6.220
1997-08,927.24,15.27,40.61,160.800,6.300
1997-09,937.02,15.33,40.64,161.200,6.210
1997-10,951.16,15.39,40.33,161.600,6.030
1997-11,938.92,15.44,40.03,161.500,5.880
1997-12,962.37,15.50,39.72,161.300,5.810
1998-01,963.36,15.55,39.66,161.600,5.540
1998-02,1023.74,15.60,39.60,161.900,5.570
1998-03,1076.83,15.64,39.54,162.200,5.650
1998-04,1112.20,15.75,39.35,162.500,5.640
1998-05,1108.42,15.85,39.16,162.800,5.650
1998-06,1108.39,15.95,38.97,163.000,5.500
1998-07,1156.58,16.02,38.68,163.200,5.460
1998-08,1074.62,16.08,38.38,163.400,5.340
1998-09,1020.64,16.14,38.09,163.600,4.810
1998-10,1032.47,16.17,37.96,164.000,4.530
1998-11,1144.43,16.18,37.84,164.000,4.830
1998-12,1190.05,16.20,37.71,163.900,4.650
1999-01,1248.77,16.28,37.93,164.300,4.720
1999-02,1246.58,16.37,38.16,164.500,5.000
1999-03,1281.66,16.45,38.38,165.000,5.230
1999-04,1334.76,16.45,39.26,166.200,5.180
1999-05,1332.07,16.45,40.14,166.200,5.540
1999-06,1322.55,16.45,41.02,166.200,5.900
1999-07,1380.99,16.51,42.00,166.700,5.790
1999-08,1327.49,16.58,42.98,167.100,5.940
1999-09,1318.17,16.64,43.96,167.900,5.920
1999-10,1300.01,16.66,45.36,168.200,6.110
1999-11,1391.00,16.67,46.77,168.300,6.030
1999-12,1428.68,16.69,48.17,168.300,6.280
2000-01,1425.59,16.71,49.10,168.800,6.660
2000-02,1388.87,16.74,50.02,169.800,6.520
2000-03,1442.21,16.76,50.95,171.200,6.260
2000-04,1461.36,16.74,51.27,171.300,5.990
2000-05,1418.48,16.72,51.60,171.500,6.440
2000-06,1461.96,16.70,51.92,172.400,6.100
2000-07,1473.00,16.58,52.51,172.800,6.050
2000-08,1485.46,16.47,53.11,172.800,5.830
2000-09,1468.05,16.35,53.70,173.700,5.800
2000-10,1390.14,16.32,52.47,174.000,5.740
2000-11,1378.04,16.30,51.23,174.100,5.720
2000-12,1330.93,16.27,50.00,174.000,5.240
2001-01,1335.63,16.17,48.48,175.100,5.160
2001-02,1305.75,16.07,46.96,175.800,5.100
2001-03,1185.85,15.97,45.44,176.200,4.890
2001-04,1189.84,15.88,42.56,176.900,5.140
2001-05,1270.37,15.78,39.67,177.700,5.390
2001-06,1238.71,15.69,36.79,178.000,5.280
2001-07,1204.45,15.71,33.96,177.500,5.240
2001-08,1178.50,15.72,31.14,177.500,4.970
2001-09,1044.64,15.74,28.31,178.300,4.730
2001-10,1076.59,15.74,27.10,177.700,4.570
2001-11,1129.68,15.74,25.90,177.400,4.650
2001-12,1144.93,15.74,24.69,176.700,5.090
2002-01,1140.21,15.74,24.69,177.100,5.040
2002-02,1100.67,15.73,24.70,177.800,4.910
2002-03,1153.79,15.73,24.70,178.800,5.280
2002-04,1111.93,15.83,25.38,179.800,5.210
2002-05,1079.25,15.94,26.06,179.800,5.160
2002-06,1014.02,16.04,26.74,179.900,4.930
2002-07,903.59,15.96,27.84,180.100,4.650
2002-08,912.55,15.88,28.94,180.700,4.260
2002-09,867.81,15.80,30.04,181.000,3.870
2002-10,854.63,15.89,29.22,181.300,3.940
2002-11,909.93,15.98,28.41,181.300,4.050
2002-12,899.18,16.07,27.59,180.900,4.030
2003-01,895.84,16.12,28.50,181.700,4.050
2003-02,837.03,16.17,29.41,183.100,3.900
2003-03,846.63,16.22,30.32,184.200,3.810
2003-04,890.03,16.20,31.73,183.800,3.960
2003-05,935.96,16.19,33.14,183.500,3.570
2003-06,988.00,16.17,34.55,183.700,3.330
2003-07,992.54,16.31,35.89,183.900,3.980
2003-08,989.53,16.45,37.24,184.600,4.450
2003-09,1019.44,16.59,38.58,185.200,4.270
2003-10,1038.73,16.86,41.97,185.000,4.290
2003-11,1049.90,17.12,45.35,184.500,4.300
2003-12,1080.64,17.39,48.74,184.300,4.270
2004-01,1132.52,17.60,49.83,185.200,4.150
2004-02,1143.36,17.81,50.91,186.200,4.080
2004-03,1123.98,18.02,52.00,187.400,3.830
2004-04,1133.36,18.21,53.38,188.000,4.350
2004-05,1102.78,18.41,54.77,189.100,4.720
2004-06,1132.76,18.60,56.15,189.700,4.730
2004-07,1105.85,18.79,56.69,189.400,4.500
2004-08,1088.94,18.97,57.23,189.500,4.280
2004-09,1117.66,19.16,57.77,189.900,4.130
2004-10,1117.21,19.25,58.03,190.900,4.100
2004-11,1168.94,19.35,58.29,191.000,4.190
2004-12,1199.21,19.44,58.55,190.300,4.230
2005-01,1181.41,19.70,59.11,190.700,4.220
2005-02,1199.63,19.97,59.66,191.800,4.170
2005-03,1194.90,20.23,60.22,193.300,4.500
2005-04,1164.43,20.46,61.23,194.600,4.340
2005-05,1178.28,20.70,62.25,194.400,4.140
2005-06,1202.25,20.93,63.26,194.500,4.000
2005-07,1222.24,21.11,64.33,195.400,4.180
2005-08,1224.27,21.29,65.40,196.400,4.260
2005-09,1225.92,21.47,66.47,198.800,4.200
2005-10,1191.96,21.72,67.59,199.200,4.460
2005-11,1237.37,21.97,68.71,197.600,4.540
2005-12,1262.07,22.22,69.83,196.800,4.470
2006-01,1278.73,22.41,70.78,198.300,4.420
2006-02,1276.65,22.59,71.72,198.700,4.570
2006-03,1293.74,22.78,72.67,199.800,4.720
2006-04,1302.17,23.00,73.28,201.500,4.990
2006-05,1290.01,23.22,73.88,202.500,5.110
2006-06,1253.17,23.44,74.49,202.900,5.110
2006-07,1260.24,23.66,75.85,203.500,5.090
2006-08,1287.15,23.88,77.21,203.900,4.880
2006-09,1317.74,24.10,78.57,202.900,4.720
2006-10,1363.38,24.36,79.55,201.800,4.730
2006-11,1388.64,24.62,80.53,201.500,4.600
2006-12,1416.42,24.88,81.51,201.800,4.560
2007-01,1424.16,25.08,82.06,202.416,4.760
2007-02,1444.80,25.29,82.60,203.499,4.720
2007-03,1406.95,25.49,83.15,205.352,4.560
2007-04,1463.64,25.72,83.74,206.686,4.690
2007-05,1511.14,25.94,84.33,207.949,4.750
2007-06,1514.19,26.17,84.92,208.352,5.100
2007-07,1520.71,26.44,82.81,208.299,5.000
2007-08,1454.62,26.71,80.71,207.917,4.670
2007-09,1497.12,26.98,78.60,208.490,4.520
2007-10,1539.66,27.23,74.46,208.936,4.530
2007-11,1463.39,27.48,70.32,210.177,4.150
2007-12,1479.22,27.73,66.18,210.036,4.100
2008-01,1378.76,27.92,64.25,211.080,3.740
2008-02,1354.87,28.11,62.32,211.693,3.740
2008-03,1316.94,28.30,60.39,213.528,3.510
2008-04,1370.47,28.44,57.38,214.823,3.680
2008-05,1403.22,28.57,54.38,216.632,3.880
2008-06,1341.25,28.71,51.37,218.815,4.100
2008-07,1257.33,28.76,49.56,219.964,4.010
2008-08,1281.47,28.80,47.76,219.086,3.890
2008-09,1216.95,28.85,45.95,218.783,3.690
2008-10,968.80,28.70,35.59,216.573,3.810
2008-11,883.04,28.54,25.24,212.425,3.530
2008-12,877.56,28.39,14.88,210.228,2.420
2009-01,865.58,28.01,12.21,211.143,2.520
2009-02,805.23,27.64,9.53,212.193,2.870
2009-03,757.13,27.26,6.86,212.709,2.820
2009-04,848.15,26.70,7.08,213.240,2.930
2009-05,902.41,26.15,7.29,213.856,3.290
2009-06,926.12,25.59,7.51,215.693,3.720
2009-07,935.82,25.03,9.19,215.351,3.560
2009-08,1009.73,24.46,10.86,215.834,3.590
2009-09,1044.55,23.90,12.54,215.969,3.400
2009-10,1067.66,23.40,25.35,216.177,3.390
2009-11,1088.07,22.91,38.16,216.330,3.400
2009-12,1110.38,22.41,50.97,215.949,3.590
2010-01,1123.58,22.24,54.29,216.687,3.730
2010-02,1089.16,22.07,57.61,216.741,3.690
2010-03,1152.05,21.90,60.93,217.631,3.730
2010-04,1197.32,21.95,62.99,218.009,3.850
2010-05,1125.06,21.99,65.04,218.178,3.420
2010-06,1083.36,22.04,67.10,217.965,3.200
2010-07,1079.80,22.14,68.69,218.011,3.010
2010-08,1087.28,22.25,70.27,218.312,2.700
2010-09,1122.08,22.35,71.86,218.439,2.650
2010-10,1171.58,22.48,73.69,218.711,2.540
2010-11,1198.89,22.60,75.52,218.803,2.760
2010-12,1241.53,22.73,77.35,219.179,3.290
2011-01,1282.62,22.96,78.67,220.223,3.390
2011-02,1321.12,23.20,79.99,221.309,3.580
2011-03,1304.49,23.43,81.31,223.467,3.410
2011-04,1331.51,23.73,82.16,224.906,3.460
2011-05,1338.31,24.04,83.02,225.964,3.170
2011-06,1287.29,24.34,83.87,225.722,3.000
2011-07,1325.19,24.62,84.91,225.922,3.000
2011-08,1185.31,24.90,85.94,226.545,2.300
2011-09,1173.88,25.18,86.98,226.889,1.980
2011-10,1207.22,25.60,86.97,226.421,2.150
2011-11,1226.42,26.01,86.96,226.230,2.010
2011-12,1243.32,26.43,86.95,225.672,1.980
2012-01,1300.58,26.74,87.48,226.665,1.970
2012-02,1352.49,27.04,88.01,227.663,1.970
2012-03,1389.24,27.35,88.54,229.392,2.170
2012-04,1386.43,27.67,88.33,230.085,2.050
2012-05,1341.27,28.00,88.13,229.815,1.800
2012-06,1323.48,28.32,87.92,229.478,1.620
2012-07,1359.78,28.74,87.45,229.104,1.530
2012-08,1403.45,29.17,86.97,230.379,1.680
2012-09,1443.42,29.59,86.50,231.407,1.720
2012-10,1437.82,30.14,86.50,231.317,1.750
2012-11,1394.51,30.70,86.51,230.221,1.650
2012-12,1422.29,31.25,86.51,229.601,1.720
2013-01,1480.40,31.54,86.91,230.280,1.910
2013-02,1512.31,31.82,87.30,232.166,1.980
2013-03,1550.83,32.11,87.70,232.773,1.960
2013-04,1570.70,32.50,88.78,232.531,1.760
2013-05,1639.84,32.88,89.87,232.945,1.930
2013-06,1618.77,33.27,90.95,233.504,2.300
2013-07,1668.68,33.65,92.09,233.596,2.580
2013-08,1670.09,34.02,93.23,233.877,2.740
2013-09,1687.17,34.40,94.37,234.149,2.810
2013-10,1720.03,34.60,96.31,233.546,2.620
2013-11,1783.54,34.79,98.26,233.069,2.720
2013-12,1807.78,34.99,100.20,233.049,2.900
2014-01,1822.36,35.40,100.42,233.916,2.860
2014-02,1817.04,35.82,100.63,234.781,2.710
2014-03,1863.52,36.23,100.85,236.293,2.720
2014-04,1864.26,36.61,101.61,237.072,2.710
2014-05,1889.77,37.00,102.36,237.900,2.560
2014-06,1947.09,37.38,103.12,238.343,2.600
2014-07,1973.10,37.75,104.07,238.250,2.540
2014-08,1961.53,38.12,105.01,237.852,2.420
2014-09,1993.23,38.49,105.96,238.031,2.530
2014-10,1937.27,38.81,104.74,237.433,2.300
2014-11,2044.57,39.12,103.53,236.151,2.330
2014-12,2054.27,39.44,102.31,234.812,2.210
2015-01,2028.18,39.90,101.29,233.707,1.880
2015-02,2082.20,40.35,100.27,234.722,1.980
2015-03,2079.99,40.81,99.25,236.119,2.040
2015-04,2094.86,41.12,97.80,236.599,1.940
2015-05,2111.94,41.43,96.36,237.805,2.200
2015-06,2099.29,41.74,94.91,238.638,2.360
2015-07,2094.14,42.00,93.49,238.654,2.320
2015-08,2039.87,42.25,92.08,238.316,2.170
2015-09,1944.41,42.51,90.66,237.945,2.170
2015-10,2024.81,42.80,89.28,237.838,2.070
2015-11,2080.62,43.10,87.91,237.336,2.260
2015-12,2054.08,43.39,86.53,236.525,2.240
2016-01,1918.60,43.55,86.50,236.916,2.090
2016-02,1904.42,43.72,86.47,237.111,1.780
2016-03,2021.95,43.88,86.44,238.132,1.890
2016-04,2075.54,44.07,86.60,239.261,1.810
2016-05,2065.55,44.27,86.76,240.229,1.810
2016-06,2083.89,44.46,86.92,241.018,1.640
2016-07,2148.90,44.65,87.64,240.628,1.500
2016-08,2170.95,44.84,88.37,240.849,1.560
2016-09,2157.69,45.03,89.09,241.428,1.630
2016-10,2143.02,45.25,90.91,241.729,1.760
2016-11,2164.99,45.48,92.73,241.353,2.140
2016-12,2246.63,45.70,94.55,241.432,2.490
2017-01,2275.12,45.93,96.46,242.839,2.430
2017-02,2329.91,46.15,98.38,243.603,2.420
2017-03,2366.82,46.38,100.29,243.801,2.480
2017-04,2359.31,46.66,101.53,244.524,2.300
2017-05,2395.35,46.94,102.78,244.733,2.300
2017-06,2433.99,47.22,104.02,244.955,2.190
2017-07,2454.10,47.54,105.04,244.786,2.320
2017-08,2456.22,47.85,106.06,245.519,2.210
2017-09,2492.84,48.17,107.08,246.819,2.200
2017-10,2557.00,48.42,108.01,246.663,2.360
2017-11,2593.61,48.68,108.95,246.669,2.350
2017-12,2664.34,48.93,109.88,246.524,2.400
2018-01,2789.80,49.29,111.73,247.867,2.580
2018-02,2705.16,49.64,113.59,248.991,2.860
2018-03,2702.77,50.00,115.44,249.554,2.840
2018-04,2653.63,50.33,117.79,250.546,2.870
2018-05,2701.49,50.66,120.13,251.588,2.976
2018-06,2754.35,50.99,122.48,251.989,2.910
2018-07,2793.64,51.44,125.12,252.006,2.890
2018-08,2857.82,51.89,127.75,252.146,2.890
2018-09,2901.50,52.34,130.39,252.439,3.000
2018-10,2785.46,52.81,131.06,252.885,3.150
2018-11,2723.23,53.28,131.72,252.038,3.120
2018-12,2567.31,53.75,132.39,251.233,2.830
2019-01,2607.39,54.15,133.06,251.712,2.710
2019-02,2754.86,54.54,133.72,252.776,2.680
2019-03,2803.98,54.94,134.39,254.202,2.570
2019-04,2903.80,55.32,134.68,255.548,2.530
2019-05,2854.71,55.70,134.98,256.092,2.400
2019-06,2890.17,56.08,135.27,256.143,2.060
2019-07,2996.11,56.46,134.48,256.571,1.630
2019-08,2897.50,56.84,133.69,256.558,1.630
2019-09,2982.16,57.22,132.90,256.759,1.700
2019-10,2977.68,57.56,135.09,257.346,1.710
2019-11,3104.90,57.90,137.28,257.208,1.810
2019-12,3176.75,58.24,139.47,256.974,1.860
2020-01,3278.20,58.69,131.76,257.971,1.760
2020-02,3277.31,59.13,124.04,258.678,1.500
2020-03,2652.39,59.58,116.33,258.115,0.870
2020-04,2761.98,59.61,111.30,256.389,0.660
2020-05,2919.62,59.65,104.93,256.394,0.670
2020-06,3104.66,59.68,99.23,257.797,0.730
2020-07,3207.62,59.40,100.68,259.101,0.620
2020-08,3391.71,59.13,98.56,259.918,0.650
2020-09,3365.52,58.85,98.22,260.280,0.680
2020-10,3418.70,58.66,,260.388,0.790
2020-11,3548.99,58.47,,260.229,0.870
2020-12,3695.31,58.28,,260.474,0.930
2021-01,3793.75,,,260.597,1.080
2021-02,3826.31,,,260.658,1.090
